seq,rei_id,risk_id,cause_id,acause,study_id,bundle_id,bundle_version_id,risk_type,risk_unit,ln_rr,ln_rr_se,ref_risk_lower,ref_risk_upper,alt_risk_lower,alt_risk_upper,cov_incidence,cov_age,cov_bmi
1,102,drugs_alcohol,493,cvd_ihd,309676,9023,0,continuous,gday,-0.010050336,0.134969149,0,11.20215686,11.20215686,11.20215686,1,1,1
2,102,drugs_alcohol,493,cvd_ihd,129944,9023,0,continuous,gday,-0.083381609,0.04399726,0,0,60,90,1,1,1
3,102,drugs_alcohol,493,cvd_ihd,129944,9023,0,continuous,gday,-0.162518929,0.068234532,0,0,50,50,1,1,1
4,102,drugs_alcohol,493,cvd_ihd,309675,9023,0,continuous,gday,-0.510825624,0.307135919,0,0,24,36,0,1,1
5,102,drugs_alcohol,493,cvd_ihd,309678,9023,0,continuous,gday,-0.693147181,0.383693213,0,0,13.33590103,23.3378268,0,1,1
6,102,drugs_alcohol,493,cvd_ihd,298267,9023,0,continuous,gday,-0.356674944,0.189517523,1.714285714,10.28571428,35.99999999,46.28571428,0,1,1
7,102,drugs_alcohol,493,cvd_ihd,309675,9023,0,continuous,gday,-0.400477567,0.260370089,0,0,12,24,0,1,1
8,102,drugs_alcohol,493,cvd_ihd,298267,9023,0,continuous,gday,-0.488580015,0.169075531,0,0,1.714285714,10.28571428,0,1,1
9,102,drugs_alcohol,493,cvd_ihd,309675,9023,0,continuous,gday,-0.653926467,0.299999733,0,0,36,54,0,1,1
10,102,drugs_alcohol,493,cvd_ihd,298268,9023,0,continuous,gday,-0.510825624,0.173839577,0,0,1.428571429,10,1,1,1
11,102,drugs_alcohol,493,cvd_ihd,298268,9023,0,continuous,gday,-0.446287103,0.165483525,0,0,11.42857143,30.00000001,1,1,1
12,102,drugs_alcohol,493,cvd_ihd,298268,9023,0,continuous,gday,-0.673344553,0.211823546,0,0,31.42857144,50.00000002,1,1,1
13,102,drugs_alcohol,493,cvd_ihd,298268,9023,0,continuous,gday,-0.116533816,0.219269876,0,0,51.42857144,70.00000002,1,1,1
14,102,drugs_alcohol,493,cvd_ihd,298268,9023,0,continuous,gday,-0.261364764,0.216875237,0,0,71.42857145,107.1428572,1,1,1
15,102,drugs_alcohol,493,cvd_ihd,298269,9023,0,continuous,gday,-0.261364764,0.118325794,0,0,0,14,1,1,1
16,102,drugs_alcohol,493,cvd_ihd,298269,9023,0,continuous,gday,-0.693147181,0.381320154,0,0,14,21,1,1,1
17,102,drugs_alcohol,493,cvd_ihd,298270,9023,0,continuous,gday,0.058268908,0.357231152,0,0,0,1.43,1,1,1
18,102,drugs_alcohol,493,cvd_ihd,298270,9023,0,continuous,gday,-0.478035801,0.341399271,0,0,1.43,20,1,1,1
19,102,drugs_alcohol,493,cvd_ihd,309688,9023,0,continuous,gday,-0.116533816,0.076679969,0,0,1.142857143,8.000000001,0,1,1
20,102,drugs_alcohol,493,cvd_ihd,298267,9023,0,continuous,gday,-0.46203546,0.235052508,1.714285714,10.28571428,47.99999999,71.99999999,0,1,1
21,102,drugs_alcohol,493,cvd_ihd,298271,9023,0,continuous,gday,-0.510825624,0.49640565,0,0,1.428571429,1.428571429,0,1,1
22,102,drugs_alcohol,493,cvd_ihd,298267,9023,0,continuous,gday,-0.076961041,0.207268862,0,0,1.714285714,10.28571428,0,1,1
23,102,drugs_alcohol,493,cvd_ihd,309672,9023,0,continuous,gday,0.09531018,0.344185534,1.15090653,41.96972479,41.96972479,62.95458719,1,1,1
24,102,drugs_alcohol,493,cvd_ihd,309672,9023,0,continuous,gday,-0.336472237,0.642073292,0,1.112542979,1.15090653,41.96972479,1,1,1
25,102,drugs_alcohol,493,cvd_ihd,309674,9023,0,continuous,gday,-0.346724613,0.077240132,0,0,1.142857143,8.000000001,1,1,1
26,102,drugs_alcohol,493,cvd_ihd,122170,9023,0,continuous,gday,-0.186329578,0.100921636,0,1.428571429,1.428571429,20.00000001,1,1,1
27,102,drugs_alcohol,493,cvd_ihd,122170,9023,0,continuous,gday,-0.105360516,0.114980025,0,1.428571429,20.00000001,30.00000001,1,1,1
28,102,drugs_alcohol,493,cvd_ihd,122170,9023,0,continuous,gday,-0.274436846,0.09659537,0,1.428571429,1.428571429,20.00000001,1,1,1
29,102,drugs_alcohol,493,cvd_ihd,122170,9023,0,continuous,gday,-0.287682072,0.225099281,0,1.428571429,20.00000001,30.00000001,1,1,1
30,102,drugs_alcohol,493,cvd_ihd,432641,9023,0,continuous,gday,-0.105360516,0.410570896,0,0,0,65,0,1,1
31,102,drugs_alcohol,493,cvd_ihd,432641,9023,0,continuous,gday,-0.105360516,0.457081497,0,0,0,52,0,1,1
32,102,drugs_alcohol,493,cvd_ihd,309690,9023,0,continuous,gday,-0.186329578,0.135832857,0,0,0,12,1,1,1
33,102,drugs_alcohol,493,cvd_ihd,309676,9023,0,continuous,gday,0.131028262,0.156277632,0,11.20215686,22.40431372,33.60647058,1,1,1
34,102,drugs_alcohol,493,cvd_ihd,309676,9023,0,continuous,gday,0.425267735,0.283140777,0,11.20215686,44.80862744,56.0107843,1,1,1
35,102,drugs_alcohol,493,cvd_ihd,129944,9023,0,continuous,gday,-0.235722334,0.022476344,0,0,10,10,1,1,1
36,102,drugs_alcohol,493,cvd_ihd,129944,9023,0,continuous,gday,-0.223143551,0.028550489,0,0,20,20,1,1,1
37,102,drugs_alcohol,493,cvd_ihd,129944,9023,0,continuous,gday,-0.186329578,0.03694667,0,0,30,30,1,1,1
38,102,drugs_alcohol,493,cvd_ihd,129944,9023,0,continuous,gday,-0.301105093,0.047758046,0,0,40,40,1,1,1
39,102,drugs_alcohol,493,cvd_ihd,298281,9023,0,continuous,gday,-0.274436846,0.040363267,0,0,15,25,1,1,1
40,102,drugs_alcohol,493,cvd_ihd,298281,9023,0,continuous,gday,-0.562118918,0.079814368,0,0,25,35,1,1,1
41,102,drugs_alcohol,493,cvd_ihd,298281,9023,0,continuous,gday,-0.314710745,0.090569963,0,0,35,45,1,1,1
42,102,drugs_alcohol,493,cvd_ihd,309678,9023,0,continuous,gday,-1.203972804,0.280258237,0,0,26.67180206,63.34552988,0,1,1
43,102,drugs_alcohol,493,cvd_ihd,309678,9023,0,continuous,gday,-0.693147181,0.410570896,0,0,66.67950514,100.0192577,0,1,1
44,102,drugs_alcohol,493,cvd_ihd,298270,9023,0,continuous,gday,0.104360015,0.315911794,0,0,20,40,1,1,1
45,102,drugs_alcohol,493,cvd_ihd,298270,9023,0,continuous,gday,-1.660731207,0.713592177,0,0,40,60,1,1,1
46,102,drugs_alcohol,493,cvd_ihd,309678,9023,0,continuous,gday,0,0.457081497,0,0,13.33590103,30.00577731,0,1,1
47,102,drugs_alcohol,493,cvd_ihd,298271,9023,0,continuous,gday,-0.916290732,0.383693213,0,0,2.857142858,12.85714286,0,1,1
48,102,drugs_alcohol,493,cvd_ihd,298271,9023,0,continuous,gday,-0.223143551,0.508273001,0,0,14.28571429,21.42857144,0,1,1
49,102,drugs_alcohol,493,cvd_ihd,298271,9023,0,continuous,gday,0.530628251,0.463084175,0,0,1.428571429,1.428571429,0,1,1
50,102,drugs_alcohol,493,cvd_ihd,298271,9023,0,continuous,gday,0.470003629,0.337182612,0,0,2.857142858,20.00000001,0,1,1
51,102,drugs_alcohol,493,cvd_ihd,298271,9023,0,continuous,gday,-0.356674944,0.470874156,0,0,21.42857144,32.14285715,0,1,1
52,102,drugs_alcohol,493,cvd_ihd,298271,9023,0,continuous,gday,-0.356674944,0.300677295,0,0,0.02739726,0.04109589,0,1,1
53,102,drugs_alcohol,493,cvd_ihd,298271,9023,0,continuous,gday,0.405465108,0.31030493,0,0,0.02739726,0.04109589,0,1,1
54,102,drugs_alcohol,493,cvd_ihd,309688,9023,0,continuous,gday,0.254642218,0.09693521,0,0,17.14285715,24,1,1,1
55,102,drugs_alcohol,493,cvd_ihd,309688,9023,0,continuous,gday,0.086177696,0.102477745,0,0,25.14285715,38.85714286,1,1,1
56,102,drugs_alcohol,493,cvd_ihd,309688,9023,0,continuous,gday,0.2390169,0.111638321,0,0,40.00000001,60.00000001,1,1,1
57,102,drugs_alcohol,493,cvd_ihd,309694,9023,0,continuous,gday,-0.673344553,0.361187031,0,0,0,4.571428572,0,1,1
58,102,drugs_alcohol,493,cvd_ihd,309688,9023,0,continuous,gday,-0.162518929,0.077719492,0,0,9.142857144,16,0,1,1
59,102,drugs_alcohol,493,cvd_ihd,309688,9023,0,continuous,gday,0.019802627,0.094268648,0,0,17.14285715,24,0,1,1
60,102,drugs_alcohol,493,cvd_ihd,309688,9023,0,continuous,gday,-0.198450939,0.104700994,0,0,25.14285715,38.85714286,0,1,1
61,102,drugs_alcohol,493,cvd_ihd,309688,9023,0,continuous,gday,-0.040821995,0.109893601,0,0,40.00000001,60.00000001,0,1,1
62,102,drugs_alcohol,493,cvd_ihd,309679,9023,0,continuous,gday,-0.713349888,0.27130637,0,0,0,1.861904762,0,1,1
63,102,drugs_alcohol,493,cvd_ihd,309679,9023,0,continuous,gday,-0.994252273,1.018541048,0,0,0,1.861904762,0,1,1
64,102,drugs_alcohol,493,cvd_ihd,309679,9023,0,continuous,gday,0.048790164,0.207678518,0,0,0.142857143,10.00000001,0,1,1
65,102,drugs_alcohol,493,cvd_ihd,309679,9023,0,continuous,gday,-0.210721031,0.247647683,0,0,10.00000001,20.00000002,0,1,1
66,102,drugs_alcohol,493,cvd_ihd,309679,9023,0,continuous,gday,-0.210721031,0.296722145,0,0,20.00000002,30.00000003,0,1,1
67,102,drugs_alcohol,493,cvd_ihd,309679,9023,0,continuous,gday,-0.371063681,0.275970707,0,0,30.00000003,45.00000005,0,1,1
68,102,drugs_alcohol,493,cvd_ihd,309679,9023,0,continuous,gday,-0.446287103,0.289535697,0,0,0.142857143,10.00000001,0,1,1
69,102,drugs_alcohol,493,cvd_ihd,309679,9023,0,continuous,gday,-0.597837001,0.36519157,0,0,10.00000001,15.00000002,0,1,1
70,102,drugs_alcohol,493,cvd_ihd,309679,9023,0,continuous,gday,-0.713349888,0.452793967,0,0,0.142857143,0.214285715,0,1,1
71,102,drugs_alcohol,493,cvd_ihd,309679,9023,0,continuous,gday,-0.713349888,0.27130637,0,0,0,0.142857143,0,1,1
72,102,drugs_alcohol,493,cvd_ihd,309679,9023,0,continuous,gday,-0.235722334,0.233747636,0,0,0,1.861904762,0,1,1
73,102,drugs_alcohol,493,cvd_ihd,309679,9023,0,continuous,gday,-0.713349888,0.27130637,0,0,0,1.861904762,0,1,1
74,102,drugs_alcohol,493,cvd_ihd,309679,9023,0,continuous,gday,-0.994252273,1.018541048,0,0,0,1.861904762,0,1,1
75,102,drugs_alcohol,493,cvd_ihd,309679,9023,0,continuous,gday,0.048790164,0.207678518,0,0,0.142857143,10.00000001,0,1,1
76,102,drugs_alcohol,493,cvd_ihd,309679,9023,0,continuous,gday,-0.210721031,0.247647683,0,0,10.00000001,20.00000002,0,1,1
77,102,drugs_alcohol,493,cvd_ihd,298262,9023,0,continuous,gday,-0.210721031,0.139207768,0,0.32876712,10,10,1,1,1
78,102,drugs_alcohol,493,cvd_ihd,309678,9023,0,continuous,gday,-0.020202707,0.250211544,0,0,3.333975257,3.333975257,0,1,1
79,102,drugs_alcohol,493,cvd_ihd,309678,9023,0,continuous,gday,-1.203972804,0.530469781,0,0,6.667950514,10.00192577,0,1,1
80,102,drugs_alcohol,493,cvd_ihd,298262,9023,0,continuous,gday,-0.287682072,0.150451231,0,0.32876712,10,10,1,1,1
81,102,drugs_alcohol,493,cvd_ihd,298262,9023,0,continuous,gday,-0.235722334,0.21119382,0,0.32876712,20,20,1,1,1
82,102,drugs_alcohol,493,cvd_ihd,298262,9023,0,continuous,gday,0.21511138,0.216147413,0,0.32876712,30,45,1,1,1
83,102,drugs_alcohol,493,cvd_ihd,298262,9023,0,continuous,gday,-0.048790164,0.140930433,0,0,0,0.32876712,1,1,1
84,102,drugs_alcohol,493,cvd_ihd,309692,9023,0,continuous,gday,-0.287682072,0.143397683,0,1.571428571,11,20.42857142,0,1,1
85,102,drugs_alcohol,493,cvd_ihd,309692,9023,0,continuous,gday,-0.287682072,0.181591662,0,1.571428571,21.99999999,42.42857142,0,1,1
86,102,drugs_alcohol,493,cvd_ihd,309694,9023,0,continuous,gday,-0.562118918,0.285360448,0,0,0,4.571428572,0,1,1
87,102,drugs_alcohol,493,cvd_ihd,309694,9023,0,continuous,gday,-0.562118918,0.290672011,0,0,5.714285715,16,0,1,1
88,102,drugs_alcohol,493,cvd_ihd,298283,9023,0,continuous,gday,-0.356674944,0.201137082,0,0,0,42.61896,1,1,1
89,102,drugs_alcohol,493,cvd_ihd,298283,9023,0,continuous,gday,-0.356674944,0.258061457,0,0,42.61896,63.92844,1,1,1
90,102,drugs_alcohol,493,cvd_ihd,309694,9023,0,continuous,gday,0.207014169,0.413389732,0,0,64.00000001,96.00000001,0,1,1
91,102,drugs_alcohol,493,cvd_ihd,298266,9023,0,continuous,gday,0,0.25651068,0,1.285714286,1.285714286,19.28571429,1,1,1
92,102,drugs_alcohol,493,cvd_ihd,298266,9023,0,continuous,gday,-0.328504067,0.273959101,0,1.285714286,20.57142858,54.00000001,1,1,1
93,102,drugs_alcohol,493,cvd_ihd,298266,9023,0,continuous,gday,-0.186329578,0.344798164,0,1.285714286,54.00000001,81.00000002,1,1,1
94,102,drugs_alcohol,493,cvd_ihd,309679,9023,0,continuous,gday,-0.210721031,0.247647683,0,0,10.00000001,20.00000002,0,1,1
95,102,drugs_alcohol,493,cvd_ihd,309679,9023,0,continuous,gday,-0.210721031,0.296722145,0,0,20.00000002,30.00000003,0,1,1
96,102,drugs_alcohol,493,cvd_ihd,309679,9023,0,continuous,gday,-0.371063681,0.275970707,0,0,30.00000003,45.00000005,0,1,1
97,102,drugs_alcohol,493,cvd_ihd,309679,9023,0,continuous,gday,-0.446287103,0.289535697,0,0,0.142857143,10.00000001,0,1,1
98,102,drugs_alcohol,493,cvd_ihd,309679,9023,0,continuous,gday,-0.597837001,0.36519157,0,0,10.00000001,15.00000002,0,1,1
99,102,drugs_alcohol,493,cvd_ihd,309679,9023,0,continuous,gday,-0.713349888,0.452793967,0,0,0.142857143,0.214285715,0,1,1
100,102,drugs_alcohol,493,cvd_ihd,309679,9023,0,continuous,gday,-0.713349888,0.27130637,0,0,0,0.142857143,0,1,1
101,102,drugs_alcohol,493,cvd_ihd,309679,9023,0,continuous,gday,-0.235722334,0.233747636,0,0,0,1.861904762,0,1,1
102,102,drugs_alcohol,493,cvd_ihd,298267,9023,0,continuous,gday,-0.415515444,0.144893887,1.714285714,10.28571428,47.99999999,58.28571428,0,1,1
103,102,drugs_alcohol,493,cvd_ihd,298267,9023,0,continuous,gday,-0.430782916,0.108203378,1.714285714,10.28571428,59.99999999,89.99999999,0,1,1
104,102,drugs_alcohol,493,cvd_ihd,298267,9023,0,continuous,gday,-0.186329578,0.098383286,1.714285714,10.28571428,12,22.28571428,0,1,1
105,102,drugs_alcohol,493,cvd_ihd,298267,9023,0,continuous,gday,-0.328504067,0.142095665,1.714285714,10.28571428,24,34.28571428,0,1,1
106,102,drugs_alcohol,493,cvd_ihd,309708,9023,0,continuous,gday,-0.040821995,0.131687876,0,0,0.021623014,1.29738084,0,1,1
107,102,drugs_alcohol,493,cvd_ihd,309708,9023,0,continuous,gday,-0.287682072,0.140833822,0,0,1.319003854,4.54083294,0,1,1
108,102,drugs_alcohol,493,cvd_ihd,309708,9023,0,continuous,gday,-0.127833372,0.143861084,0,0,4.562455954,11.67642756,0,1,1
109,102,drugs_alcohol,493,cvd_ihd,309607,9023,0,continuous,gday,-0.328504067,0.185599135,0,0,12,36,0,1,1
110,102,drugs_alcohol,493,cvd_ihd,309607,9023,0,continuous,gday,0.832909123,0.289885872,0,0,36,54,0,1,1
111,102,drugs_alcohol,493,cvd_ihd,309708,9023,0,continuous,gday,-0.314710745,0.216147413,0,0,0.237853154,0.64869042,0,1,1
112,102,drugs_alcohol,493,cvd_ihd,309708,9023,0,continuous,gday,-0.287682072,0.217630569,0,0,0.670313434,2.59476168,0,1,1
113,102,drugs_alcohol,493,cvd_ihd,309708,9023,0,continuous,gday,-0.235722334,0.254166694,0,0,2.59476168,3.89214252,0,1,1
114,102,drugs_alcohol,493,cvd_ihd,309709,9023,0,continuous,gday,-0.544727175,0.351437831,0,0,0,5.71428572,1,1,1
115,102,drugs_alcohol,493,cvd_ihd,309709,9023,0,continuous,gday,-0.274436846,0.233747636,0,0,5.71428572,11.2857143,1,1,1
116,102,drugs_alcohol,493,cvd_ihd,309709,9023,0,continuous,gday,-0.15082289,0.230949413,0,0,11.42857144,17.00000002,1,1,1
117,102,drugs_alcohol,493,cvd_ihd,309709,9023,0,continuous,gday,0.122217633,0.272408324,0,0,17.14285716,22.71428574,1,1,1
118,102,drugs_alcohol,493,cvd_ihd,309709,9023,0,continuous,gday,0,0.198394023,0,0,22.85714288,34.28571432,1,1,1
119,102,drugs_alcohol,493,cvd_ihd,309709,9023,0,continuous,gday,0.122217633,0.1640655,0,11.42857144,11.42857144,17.14285716,1,1,1
120,102,drugs_alcohol,493,cvd_ihd,309709,9023,0,continuous,gday,0.157003749,0.190783694,0,11.42857144,17.14285716,25.71428574,1,1,1
121,102,drugs_alcohol,493,cvd_ihd,309709,9023,0,continuous,gday,0.2390169,0.229299916,0,11.42857144,22.85714288,34.28571432,1,1,1
122,102,drugs_alcohol,493,cvd_ihd,309709,9023,0,continuous,gday,-0.488580015,0.173503013,0,0,0,0,1,1,1
123,102,drugs_alcohol,493,cvd_ihd,309709,9023,0,continuous,gday,-0.593326845,0.181796167,0,0,0,11.42857144,1,1,1
124,102,drugs_alcohol,493,cvd_ihd,309710,9023,0,continuous,gday,-0.301105093,0.252328586,0,0,0,14.43181709,0,1,1
125,102,drugs_alcohol,493,cvd_ihd,309710,9023,0,continuous,gday,-0.430782916,0.259839179,0,0,14.43181709,29.87837132,0,1,1
126,102,drugs_alcohol,493,cvd_ihd,309710,9023,0,continuous,gday,-0.733969175,0.270980777,0,0,29.87837132,49.72211981,0,1,1
127,102,drugs_alcohol,493,cvd_ihd,309710,9023,0,continuous,gday,-0.994252273,0.272408324,0,0,49.72211981,74.58317972,0,1,1
128,102,drugs_alcohol,493,cvd_ihd,309711,9023,0,continuous,gday,-0.186329578,0.369111985,0,0,1.428571429,5.714285716,0,1,1
129,102,drugs_alcohol,493,cvd_ihd,309711,9023,0,continuous,gday,-0.776528789,0.410570896,0,0,7.142857145,20.00000001,0,1,1
130,102,drugs_alcohol,493,cvd_ihd,309711,9023,0,continuous,gday,-1.171182982,0.530469781,0,0,21.42857144,84.28571431,0,1,1
131,102,drugs_alcohol,493,cvd_ihd,309716,9023,0,continuous,gday,-0.116533816,0.250211544,0,0,1,21,1,1,1
132,102,drugs_alcohol,493,cvd_ihd,309716,9023,0,continuous,gday,-0.430782916,0.234989011,0,0,22,32,1,1,1
133,102,drugs_alcohol,493,cvd_ihd,309716,9023,0,continuous,gday,-0.356674944,0.202613086,0,0,33,54,1,1,1
134,102,drugs_alcohol,493,cvd_ihd,309716,9023,0,continuous,gday,-0.415515444,0.260370089,0,0,55,76,1,1,1
135,102,drugs_alcohol,493,cvd_ihd,309716,9023,0,continuous,gday,-0.494296322,0.206177681,0,0,77,128,1,1,1
136,102,drugs_alcohol,493,cvd_ihd,309716,9023,0,continuous,gday,-0.430782916,0.289289341,0,0,128,192,1,1,1
137,102,drugs_alcohol,493,cvd_ihd,309717,9023,0,continuous,gday,-0.010050336,0.149562254,0,0,0.1,5,1,1,1
138,102,drugs_alcohol,493,cvd_ihd,309717,9023,0,continuous,gday,-0.301105093,0.140142675,0,0,5.1,30,1,1,1
139,102,drugs_alcohol,493,cvd_ihd,309717,9023,0,continuous,gday,-0.634878272,0.207678518,0,0,30.1,45.15,1,1,1
140,102,drugs_alcohol,493,cvd_ihd,309718,9023,0,continuous,gday,0.039220713,0.270308707,0,0,0.01,2.49,1,1,1
141,102,drugs_alcohol,493,cvd_ihd,309718,9023,0,continuous,gday,-0.116533816,0.260239968,0,0,2.5,28,1,1,1
142,102,drugs_alcohol,493,cvd_ihd,309718,9023,0,continuous,gday,-0.616186139,0.457081497,0,0,28,56,1,1,1
143,102,drugs_alcohol,493,cvd_ihd,309718,9023,0,continuous,gday,0.21511138,0.387573167,0,0,56,84,1,1,1
144,102,drugs_alcohol,493,cvd_ihd,309718,9023,0,continuous,gday,0.067658648,0.218737304,0,0,0.01,2.49,1,1,1
145,102,drugs_alcohol,493,cvd_ihd,309718,9023,0,continuous,gday,-0.198450939,0.337991177,0,0,2.5,14,1,1,1
146,102,drugs_alcohol,493,cvd_ihd,309718,9023,0,continuous,gday,-0.248461359,0.394484637,0,0,14,21,1,1,1
147,102,drugs_alcohol,493,cvd_ihd,309718,9023,0,continuous,gday,-0.094310679,0.230204495,0,0,0.01,2.49,1,1,1
148,102,drugs_alcohol,493,cvd_ihd,309690,9023,0,continuous,gday,-0.400477567,0.216974325,0,0,12,18,1,1,1
149,102,drugs_alcohol,493,cvd_ihd,309690,9023,0,continuous,gday,-0.186329578,0.135832857,0,0,0,12,1,1,1
150,102,drugs_alcohol,493,cvd_ihd,309690,9023,0,continuous,gday,-0.400477567,0.216974325,0,0,12,18,1,1,1
151,102,drugs_alcohol,493,cvd_ihd,309691,9023,0,continuous,gday,0.009950331,0.146566693,0,1.428571429,1.428571429,10,0,1,1
152,102,drugs_alcohol,493,cvd_ihd,309691,9023,0,continuous,gday,-0.446287103,0.171216396,0,1.428571429,10,15,0,1,1
153,102,drugs_alcohol,493,cvd_ihd,298281,9023,0,continuous,gday,-0.210721031,0.028199458,0,0,5,15,1,1,1
154,102,drugs_alcohol,493,cvd_ihd,309660,9023,0,continuous,gday,-0.356674944,0.253160734,0,0.333333333,10,10,1,1,1
155,102,drugs_alcohol,493,cvd_ihd,309660,9023,0,continuous,gday,0.067658648,0.419110674,0,0.333333333,20,30,1,1,1
156,102,drugs_alcohol,493,cvd_ihd,309660,9023,0,continuous,gday,0.246860078,0.286016993,0,0.333333333,0.333333333,0.999999999,1,1,1
157,102,drugs_alcohol,493,cvd_ihd,309660,9023,0,continuous,gday,0.173953307,0.276534053,0,0.333333333,1.428571429,1.428571429,1,1,1
158,102,drugs_alcohol,493,cvd_ihd,309660,9023,0,continuous,gday,-0.030459207,0.257668085,0,0.333333333,2.857142858,5.714285716,1,1,1
159,102,drugs_alcohol,493,cvd_ihd,309660,9023,0,continuous,gday,-0.527632742,0.342789476,0,0.333333333,7.142857145,8.571428574,1,1,1
160,102,drugs_alcohol,493,cvd_ihd,309661,9023,0,continuous,gday,-0.430782916,0.234989011,0,0,0,5,0,1,1
161,102,drugs_alcohol,493,cvd_ihd,309661,9023,0,continuous,gday,-0.713349888,0.217283727,0,0,5,30,0,1,1
162,102,drugs_alcohol,493,cvd_ihd,309661,9023,0,continuous,gday,-0.776528789,0.219765943,0,0,30,90,0,1,1
163,102,drugs_alcohol,493,cvd_ihd,309661,9023,0,continuous,gday,-0.713349888,0.268251219,0,0,90,135,0,1,1
164,102,drugs_alcohol,493,cvd_ihd,309661,9023,0,continuous,gday,-0.314710745,0.228261359,0,0,0,5,0,1,1
165,102,drugs_alcohol,493,cvd_ihd,309661,9023,0,continuous,gday,-0.446287103,0.280258237,0,0,5,30,0,1,1
166,102,drugs_alcohol,493,cvd_ihd,309661,9023,0,continuous,gday,-1.560647748,1.004678651,0,0,30,90,0,1,1
167,102,drugs_alcohol,493,cvd_ihd,309662,9023,0,continuous,gday,0.182321557,0.155678449,0,0,1.785714286,10.71428572,1,1,1
168,102,drugs_alcohol,493,cvd_ihd,309662,9023,0,continuous,gday,-0.527632742,0.124705795,0,0,12.5,60.71428572,1,1,1
169,102,drugs_alcohol,493,cvd_ihd,309662,9023,0,continuous,gday,-0.634878272,0.197242318,0,0,62.50000001,93.75000002,1,1,1
170,102,drugs_alcohol,493,cvd_ihd,309662,9023,0,continuous,gday,-0.083381609,0.168973347,0,0,1.785714286,10.71428572,0,1,1
171,102,drugs_alcohol,493,cvd_ihd,309662,9023,0,continuous,gday,-0.544727175,0.126888419,0,0,12.5,60.71428572,0,1,1
172,102,drugs_alcohol,493,cvd_ihd,309662,9023,0,continuous,gday,-0.510825624,0.201137082,0,0,62.50000001,93.75000002,0,1,1
173,102,drugs_alcohol,493,cvd_ihd,309662,9023,0,continuous,gday,-0.010050336,0.185902583,0,0,1.785714286,10.71428572,0,1,1
174,102,drugs_alcohol,493,cvd_ihd,309662,9023,0,continuous,gday,-0.198450939,0.132730706,0,0,12.5,60.71428572,0,1,1
175,102,drugs_alcohol,493,cvd_ihd,309662,9023,0,continuous,gday,-0.510825624,0.221693328,0,0,62.50000001,93.75000002,0,1,1
176,102,drugs_alcohol,493,cvd_ihd,309663,9023,0,continuous,gday,-0.415515444,0.106565102,0,1,2,12,1,1,1
177,102,drugs_alcohol,493,cvd_ihd,309663,9023,0,continuous,gday,-0.478035801,0.125052637,0,1,13,30,1,1,1
178,102,drugs_alcohol,493,cvd_ihd,309663,9023,0,continuous,gday,-0.616186139,0.190252784,0,1,30,45,1,1,1
179,102,drugs_alcohol,493,cvd_ihd,309663,9023,0,continuous,gday,-0.415515444,0.106565102,0,1,2,12,1,1,1
180,102,drugs_alcohol,493,cvd_ihd,309663,9023,0,continuous,gday,-0.478035801,0.125052637,0,1,13,30,1,1,1
181,102,drugs_alcohol,493,cvd_ihd,309663,9023,0,continuous,gday,-0.616186139,0.190252784,0,1,30,45,1,1,1
182,102,drugs_alcohol,493,cvd_ihd,309663,9023,0,continuous,gday,-0.415515444,0.106565102,0,1,2,12,1,1,1
183,102,drugs_alcohol,493,cvd_ihd,298330,9023,0,continuous,gday,-0.040821995,0.154299636,0,0,0.1,22.9,1,1,1
184,102,drugs_alcohol,493,cvd_ihd,298330,9023,0,continuous,gday,-0.198450939,0.143932015,0,0,23,45.9,1,1,1
185,102,drugs_alcohol,493,cvd_ihd,298330,9023,0,continuous,gday,-0.274436846,0.162514723,0,0,46,68.9,1,1,1
186,102,drugs_alcohol,493,cvd_ihd,298330,9023,0,continuous,gday,-0.051293294,0.201499185,0,0,69,103.5,1,1,1
187,102,drugs_alcohol,493,cvd_ihd,298330,9023,0,continuous,gday,-0.186329578,0.234708473,0,0,0.1,22.9,1,1,1
188,102,drugs_alcohol,493,cvd_ihd,298330,9023,0,continuous,gday,0.371563556,0.387827859,0,0,23,45.9,1,1,1
189,102,drugs_alcohol,493,cvd_ihd,298330,9023,0,continuous,gday,1.410986974,0.470296908,0,0,46,69,1,1,1
190,102,drugs_alcohol,493,cvd_ihd,309663,9023,0,continuous,gday,-0.616186139,0.190252784,0,1,30,45,1,1,1
191,102,drugs_alcohol,493,cvd_ihd,309663,9023,0,continuous,gday,-0.415515444,0.106565102,0,1,2,12,1,1,1
192,102,drugs_alcohol,493,cvd_ihd,309663,9023,0,continuous,gday,-0.478035801,0.125052637,0,1,13,30,1,1,1
193,102,drugs_alcohol,493,cvd_ihd,309663,9023,0,continuous,gday,-0.616186139,0.190252784,0,1,30,45,1,1,1
194,102,drugs_alcohol,493,cvd_ihd,309663,9023,0,continuous,gday,-0.415515444,0.106565102,0,1,2,12,1,1,1
195,102,drugs_alcohol,493,cvd_ihd,309663,9023,0,continuous,gday,-0.478035801,0.125052637,0,1,13,30,1,1,1
196,102,drugs_alcohol,493,cvd_ihd,309663,9023,0,continuous,gday,-0.616186139,0.190252784,0,1,30,45,1,1,1
197,102,drugs_alcohol,493,cvd_ihd,309663,9023,0,continuous,gday,-0.415515444,0.106565102,0,1,2,12,1,1,1
198,102,drugs_alcohol,493,cvd_ihd,309663,9023,0,continuous,gday,-0.478035801,0.125052637,0,1,13,30,1,1,1
199,102,drugs_alcohol,493,cvd_ihd,298262,9023,0,continuous,gday,-0.385662481,0.152764414,0,0.32876712,20,20,1,1,1
200,102,drugs_alcohol,493,cvd_ihd,298262,9023,0,continuous,gday,-0.083381609,0.147468839,0,0.32876712,30,45,1,1,1
201,102,drugs_alcohol,493,cvd_ihd,298331,9023,0,continuous,gday,-1.139434283,0.233747636,0,0,0.142857143,21.28571431,1,1,1
202,102,drugs_alcohol,493,cvd_ihd,298331,9023,0,continuous,gday,-1.46967597,0.247923618,0,0,21.42857145,42.71428576,1,1,1
203,102,drugs_alcohol,493,cvd_ihd,298331,9023,0,continuous,gday,-0.916290732,0.250211544,0,0,42.8571429,64.14285721,1,1,1
204,102,drugs_alcohol,493,cvd_ihd,298331,9023,0,continuous,gday,-1.427116356,0.348275753,0,0,64.28571435,96.42857153,1,1,1
205,102,drugs_alcohol,493,cvd_ihd,298262,9023,0,continuous,gday,-0.425267735,0.128591897,0,0,0,0.32876712,1,1,1
206,102,drugs_alcohol,493,cvd_ihd,298264,9023,0,continuous,gday,-0.314710745,0.213859487,1,7,8,15,1,1,1
207,102,drugs_alcohol,493,cvd_ihd,298264,9023,0,continuous,gday,-0.139262067,0.207845488,1,7,16,24,1,1,1
208,102,drugs_alcohol,493,cvd_ihd,298266,9023,0,continuous,gday,0,0.25651068,0,1.285714286,1.285714286,19.28571429,1,1,1
209,102,drugs_alcohol,493,cvd_ihd,298266,9023,0,continuous,gday,-0.328504067,0.273959101,0,1.285714286,20.57142858,54.00000001,1,1,1
210,102,drugs_alcohol,493,cvd_ihd,298266,9023,0,continuous,gday,-0.186329578,0.344798164,0,1.285714286,54.00000001,81.00000002,1,1,1
211,102,drugs_alcohol,493,cvd_ihd,298266,9023,0,continuous,gday,0.030459207,0.434884717,0,0,0,1.285714286,1,1,1
212,102,drugs_alcohol,493,cvd_ihd,309664,9023,0,continuous,gday,0.587786665,0.346460072,0,0,30,45,0,1,1
213,102,drugs_alcohol,493,cvd_ihd,309665,9023,0,continuous,gday,-0.083381609,0.11467477,0,10,10,60,1,1,1
214,102,drugs_alcohol,493,cvd_ihd,309665,9023,0,continuous,gday,0.494696242,0.242595992,0,10,60,90,1,1,1
215,102,drugs_alcohol,493,cvd_ihd,298266,9023,0,continuous,gday,0.030459207,0.434884717,0,0,0,1.285714286,1,1,1
216,102,drugs_alcohol,493,cvd_ihd,298266,9023,0,continuous,gday,0,0.25651068,0,1.285714286,1.285714286,19.28571429,1,1,1
217,102,drugs_alcohol,493,cvd_ihd,298266,9023,0,continuous,gday,-0.328504067,0.273959101,0,1.285714286,20.57142858,54.00000001,1,1,1
218,102,drugs_alcohol,493,cvd_ihd,298266,9023,0,continuous,gday,-0.186329578,0.344798164,0,1.285714286,54.00000001,81.00000002,1,1,1
219,102,drugs_alcohol,493,cvd_ihd,298266,9023,0,continuous,gday,0.030459207,0.434884717,0,0,0,1.285714286,1,1,1
220,102,drugs_alcohol,493,cvd_ihd,298267,9023,0,continuous,gday,-0.186329578,0.077719492,1.714285714,10.28571428,12,22.28571428,0,1,1
221,102,drugs_alcohol,493,cvd_ihd,298267,9023,0,continuous,gday,-0.174353387,0.089908326,1.714285714,10.28571428,24,34.28571428,0,1,1
222,102,drugs_alcohol,493,cvd_ihd,298267,9023,0,continuous,gday,-0.274436846,0.102037154,1.714285714,10.28571428,35.99999999,46.28571428,0,1,1
223,102,drugs_alcohol,493,cvd_ihd,309707,9023,0,continuous,gday,-0.248461359,0.169896988,1.714285714,10.28571428,24,34.28571428,0,1,1
224,102,drugs_alcohol,493,cvd_ihd,309707,9023,0,continuous,gday,-0.544727175,0.179915444,1.714285714,10.28571428,35.99999999,46.28571428,0,1,1
225,102,drugs_alcohol,493,cvd_ihd,309707,9023,0,continuous,gday,-0.510825624,0.170820582,1.714285714,10.28571428,47.99999999,71.99999999,0,1,1
226,102,drugs_alcohol,493,cvd_ihd,309707,9023,0,continuous,gday,-0.285178942,0.171395353,0,1.714285714,1.714285714,10.28571428,0,1,1
227,102,drugs_alcohol,493,cvd_ihd,309665,9023,0,continuous,gday,-0.083381609,0.396845716,0,5,5,20,1,1,1
228,102,drugs_alcohol,493,cvd_ihd,309665,9023,0,continuous,gday,0.329303747,0.721874269,0,5,20,30,1,1,1
229,102,drugs_alcohol,493,cvd_ihd,309665,9023,0,continuous,gday,-0.350656872,0.121035199,0,0,0,10,1,1,1
230,102,drugs_alcohol,493,cvd_ihd,309665,9023,0,continuous,gday,-0.336472237,0.169131159,0,0,0,5,1,1,1
231,102,drugs_alcohol,493,cvd_ihd,309665,9023,0,continuous,gday,-0.083381609,0.11467477,0,10,10,60,1,1,1
232,102,drugs_alcohol,493,cvd_ihd,309665,9023,0,continuous,gday,0.494696242,0.242595992,0,10,60,90,1,1,1
233,102,drugs_alcohol,493,cvd_ihd,309665,9023,0,continuous,gday,-0.083381609,0.396845716,0,5,5,20,1,1,1
234,102,drugs_alcohol,493,cvd_ihd,309665,9023,0,continuous,gday,0.329303747,0.721874269,0,5,20,30,1,1,1
235,102,drugs_alcohol,493,cvd_ihd,309665,9023,0,continuous,gday,-0.350656872,0.121035199,0,0,0,10,1,1,1
236,102,drugs_alcohol,493,cvd_ihd,309665,9023,0,continuous,gday,-0.336472237,0.169131159,0,0,0,5,1,1,1
237,102,drugs_alcohol,493,cvd_ihd,309667,9023,0,continuous,gday,-0.371063681,0.080844824,0,1.428571429,10,10,0,1,1
238,102,drugs_alcohol,493,cvd_ihd,309667,9023,0,continuous,gday,-0.820980552,0.209785437,0,1.428571429,20,30,0,1,1
239,102,drugs_alcohol,493,cvd_ihd,309667,9023,0,continuous,gday,0.039220713,0.087485906,0,1.428571429,1.428571429,1.428571429,0,1,1
240,102,drugs_alcohol,493,cvd_ihd,309667,9023,0,continuous,gday,0,0.079321157,0,1.428571429,2.857142858,5.714285716,0,1,1
241,102,drugs_alcohol,493,cvd_ihd,309667,9023,0,continuous,gday,-0.301105093,0.103434977,0,1.428571429,7.142857145,8.571428574,0,1,1
242,102,drugs_alcohol,493,cvd_ihd,309667,9023,0,continuous,gday,-0.430782916,0.113062611,0,1.428571429,10,10,0,1,1
243,102,drugs_alcohol,493,cvd_ihd,309667,9023,0,continuous,gday,-0.634878272,0.258061457,0,1.428571429,20,30,0,1,1
244,102,drugs_alcohol,493,cvd_ihd,309667,9023,0,continuous,gday,0.076961041,0.123623069,0,1.428571429,1.428571429,1.428571429,0,1,1
245,102,drugs_alcohol,493,cvd_ihd,309667,9023,0,continuous,gday,-0.040821995,0.109893601,0,1.428571429,2.857142858,5.714285716,0,1,1
246,102,drugs_alcohol,493,cvd_ihd,309667,9023,0,continuous,gday,-0.198450939,0.139207768,0,1.428571429,7.142857145,8.571428574,0,1,1
247,102,drugs_alcohol,493,cvd_ihd,309668,9023,0,continuous,gday,-0.579818495,0.086608964,0,0,0.1,4.9,1,1,1
248,102,drugs_alcohol,493,cvd_ihd,309668,9023,0,continuous,gday,-0.967584026,0.114528117,0,0,5,14.9,1,1,1
249,102,drugs_alcohol,493,cvd_ihd,309668,9023,0,continuous,gday,-1.049822124,0.20314577,0,0,15,29.9,1,1,1
250,102,drugs_alcohol,493,cvd_ihd,309668,9023,0,continuous,gday,-0.616186139,0.163393736,0,0,30,45,1,1,1
251,102,drugs_alcohol,493,cvd_ihd,309669,9023,0,continuous,gday,-1.203972804,0.49640565,0,0,0.1,8.9,1,1,1
252,102,drugs_alcohol,493,cvd_ihd,309669,9023,0,continuous,gday,-0.693147181,0.434884717,0,0,9,34,1,1,1
253,102,drugs_alcohol,493,cvd_ihd,309669,9023,0,continuous,gday,-0.223143551,0.722758506,0,0,34,51,1,1,1
254,102,drugs_alcohol,493,cvd_ihd,309671,9023,0,continuous,gday,-0.072570693,0.098919778,0,0,1.4,4.9,1,1,1
255,102,drugs_alcohol,493,cvd_ihd,309671,9023,0,continuous,gday,-0.061875404,0.094560967,0,0,5,14.2,1,1,1
256,102,drugs_alcohol,493,cvd_ihd,309671,9023,0,continuous,gday,-0.210721031,0.105998838,0,0,14.25,23.9,1,1,1
257,102,drugs_alcohol,493,cvd_ihd,309671,9023,0,continuous,gday,-0.261364764,0.102081647,0,0,24.2,36.3,1,1,1
258,102,drugs_alcohol,493,cvd_ihd,309672,9023,0,continuous,gday,1.029619417,0.390295113,14.00269608,28.00539216,42.00808824,63.01213236,1,1,1
259,102,drugs_alcohol,493,cvd_ihd,431103,9023,0,continuous,gday,-0.210721031,0.050555339,0.1,4.9,5,14.9,0,1,1
260,102,drugs_alcohol,493,cvd_ihd,431103,9023,0,continuous,gday,-0.287682072,0.061520933,0.1,4.9,15,29.9,0,1,1
261,102,drugs_alcohol,493,cvd_ihd,428293,9023,0,continuous,gday,-0.314710745,0.073388284,0,0,0,10,0,1,1
262,102,drugs_alcohol,493,cvd_ihd,309674,9023,0,continuous,gday,-0.558616288,0.080476698,0,0,9.142857144,16,1,1,1
263,102,drugs_alcohol,493,cvd_ihd,309674,9023,0,continuous,gday,-0.586986985,0.080014683,0,0,17.14285715,32,1,1,1
264,102,drugs_alcohol,493,cvd_ihd,309674,9023,0,continuous,gday,-0.497580397,0.081372214,0,0,33.14285715,49.71428572,1,1,1
265,102,drugs_alcohol,493,cvd_ihd,309675,9023,0,continuous,gday,-0.040821995,0.298819297,0,0,0,12,0,1,1
266,102,drugs_alcohol,493,cvd_ihd,432641,9023,0,continuous,gday,0.832909123,0.396262359,0,0,33.58333333,50.375,0,1,1
267,102,drugs_alcohol,493,cvd_ihd,428293,9023,0,continuous,gday,-0.223143551,0.113848751,0,0,11.42857143,24.17000001,0,1,1
268,102,drugs_alcohol,493,cvd_ihd,428293,9023,0,continuous,gday,-0.342490309,0.161664225,0,0,24.17000001,36.25500001,0,1,1
269,102,drugs_alcohol,493,cvd_ihd,432749,9023,0,continuous,gday,-0.083381609,0.055073566,0,6,6,12,0,1,1
270,102,drugs_alcohol,493,cvd_ihd,432749,9023,0,continuous,gday,-0.162518929,0.059595625,0,6,12,24,0,1,1
271,102,drugs_alcohol,493,cvd_ihd,432749,9023,0,continuous,gday,-0.287682072,0.095070226,0,6,24,36,0,1,1
272,102,drugs_alcohol,493,cvd_ihd,309676,9023,0,continuous,gday,0.385262401,0.245257951,0,11.20215686,67.21294116,100.8194117,1,1,1
273,102,drugs_alcohol,493,cvd_ihd,309677,9023,0,continuous,gday,-0.174353387,0.228888402,0,0,0.714285715,8.571428574,0,1,1
274,102,drugs_alcohol,493,cvd_ihd,309677,9023,0,continuous,gday,-0.385662481,0.300146385,0,0,10,30.00000001,0,1,1
275,102,drugs_alcohol,493,cvd_ihd,309677,9023,0,continuous,gday,-0.223143551,0.997965052,0,0,30.00000001,45.00000001,0,1,1
276,102,drugs_alcohol,493,cvd_ihd,309678,9023,0,continuous,gday,-0.127833372,0.243025096,0,0,3.333975257,3.333975257,1,1,1
277,102,drugs_alcohol,493,cvd_ihd,309678,9023,0,continuous,gday,-0.139262067,0.307135919,0,0,6.667950514,10.00192577,0,1,1
278,102,drugs_alcohol,493,cvd_ihd,428498,9023,0,continuous,gday,0.104360015,0.036835333,0,20.00000002,40.00000004,59.85714292,0,1,1
279,102,drugs_alcohol,493,cvd_ihd,428498,9023,0,continuous,gday,0.122217633,0.040721976,0,20.00000002,60.00000006,90.00000009,0,1,1
280,102,drugs_alcohol,493,cvd_ihd,428498,9023,0,continuous,gday,-0.174353387,0.06639875,0,10.00000001,10.00000001,15.00000002,0,1,1
281,102,drugs_alcohol,493,cvd_ihd,309692,9023,0,continuous,gday,-0.544727175,0.105237825,0,1.571428571,32,48,0,1,1
282,102,drugs_alcohol,493,cvd_ihd,309692,9023,0,continuous,gday,-0.301105093,0.096367986,0,1.571428571,1.571428571,9.428571426,0,1,1
283,102,drugs_alcohol,493,cvd_ihd,309692,9023,0,continuous,gday,-0.430782916,0.089126439,0,1.571428571,11,20.42857142,0,1,1
284,102,drugs_alcohol,493,cvd_ihd,309678,9023,0,continuous,gday,0,0.764217417,0,0,33.33975257,50.00962886,0,1,1
285,102,drugs_alcohol,493,cvd_ihd,309679,9023,0,continuous,gday,0.048790164,0.207678518,0,0,0.142857143,10.00000001,0,1,1
286,102,drugs_alcohol,493,cvd_ihd,309679,9023,0,continuous,gday,-0.210721031,0.247647683,0,0,10.00000001,20.00000002,0,1,1
287,102,drugs_alcohol,493,cvd_ihd,309679,9023,0,continuous,gday,-0.210721031,0.296722145,0,0,20.00000002,30.00000003,0,1,1
288,102,drugs_alcohol,493,cvd_ihd,309679,9023,0,continuous,gday,-0.371063681,0.275970707,0,0,30.00000003,45.00000005,0,1,1
289,102,drugs_alcohol,493,cvd_ihd,309679,9023,0,continuous,gday,-0.446287103,0.289535697,0,0,0.142857143,10.00000001,0,1,1
290,102,drugs_alcohol,493,cvd_ihd,309679,9023,0,continuous,gday,-0.597837001,0.36519157,0,0,10.00000001,15.00000002,0,1,1
291,102,drugs_alcohol,493,cvd_ihd,309679,9023,0,continuous,gday,-0.713349888,0.452793967,0,0,0.142857143,0.214285715,0,1,1
292,102,drugs_alcohol,493,cvd_ihd,309679,9023,0,continuous,gday,-0.713349888,0.27130637,0,0,0,0.142857143,0,1,1
293,102,drugs_alcohol,493,cvd_ihd,309679,9023,0,continuous,gday,-0.235722334,0.233747636,0,0,0,1.861904762,0,1,1
294,102,drugs_alcohol,493,cvd_ihd,309679,9023,0,continuous,gday,-0.713349888,0.27130637,0,0,0,1.861904762,0,1,1
295,102,drugs_alcohol,493,cvd_ihd,309679,9023,0,continuous,gday,-0.994252273,1.018541048,0,0,0,1.861904762,0,1,1
296,102,drugs_alcohol,493,cvd_ihd,309679,9023,0,continuous,gday,0.048790164,0.207678518,0,0,0.142857143,10.00000001,0,1,1
297,102,drugs_alcohol,493,cvd_ihd,309694,9023,0,continuous,gday,-0.867500568,1.199102134,0,0,41.14285715,64.00000001,0,1,1
298,102,drugs_alcohol,493,cvd_ihd,436456,9023,0,continuous,gday,-1.203972804,0.609118087,0.1,1.4,10,14.9,1,1,1
299,102,drugs_alcohol,493,cvd_ihd,309600,9023,0,continuous,gday,-0.510825624,0.046510601,0,0,1,14,0,1,1
300,102,drugs_alcohol,493,cvd_ihd,309600,9023,0,continuous,gday,-0.755022584,0.119035595,0,0,15,22.5,0,1,1
301,102,drugs_alcohol,493,cvd_ihd,436458,9023,0,continuous,gday,0,0.066036131,1.714285714,10.28571428,12,22.28571428,0,1,1
302,102,drugs_alcohol,493,cvd_ihd,309695,9023,0,continuous,gday,-0.105360516,0.595758907,0,0.913263429,1,20,0,1,1
303,102,drugs_alcohol,493,cvd_ihd,309695,9023,0,continuous,gday,-0.356674944,0.599840627,0,0.913263429,21,41,0,1,1
304,102,drugs_alcohol,493,cvd_ihd,309695,9023,0,continuous,gday,-0.105360516,0.467495271,0,0.913263429,42,69,0,1,1
305,102,drugs_alcohol,493,cvd_ihd,309695,9023,0,continuous,gday,-0.223143551,0.673228911,0,0.913263429,70,105,0,1,1
306,102,drugs_alcohol,493,cvd_ihd,436502,9023,0,continuous,gday,-0.127833372,0.060819139,0,0.857142857,0.857142857,4.285714285,0,1,1
307,102,drugs_alcohol,493,cvd_ihd,436502,9023,0,continuous,gday,-0.287682072,0.071418374,0,0.857142857,4.285714285,8.57142857,0,1,1
308,102,drugs_alcohol,493,cvd_ihd,436502,9023,0,continuous,gday,-0.174353387,0.108537187,0,0.857142857,8.57142857,12.85714286,0,1,1
309,102,drugs_alcohol,493,cvd_ihd,436502,9023,0,continuous,gday,-0.356674944,0.164001364,0,0.857142857,12.85714286,19.28571428,0,1,1
310,102,drugs_alcohol,493,cvd_ihd,437014,9023,0,continuous,gday,-0.430782916,0.132345355,0,4.907346708,4.907346708,9.818168974,0,1,1
311,102,drugs_alcohol,493,cvd_ihd,309696,9023,0,continuous,gday,-0.663588378,0.536249889,0,11,11,22,1,1,1
312,102,drugs_alcohol,493,cvd_ihd,309696,9023,0,continuous,gday,0.901380119,0.434884717,0,11,22,33,1,1,1
313,102,drugs_alcohol,493,cvd_ihd,437389,9023,0,continuous,gday,0.277631737,0.112884281,0,0,0,35.99999999,0,1,1
314,102,drugs_alcohol,493,cvd_ihd,309697,9023,0,continuous,gday,-0.261364764,0.120942249,0,0,0,4.9,0,1,1
315,102,drugs_alcohol,493,cvd_ihd,309699,9023,0,continuous,gday,-0.174353387,0.229940072,0,10,10,30,0,1,1
316,102,drugs_alcohol,493,cvd_ihd,428941,9023,0,continuous,gday,0.277631737,0.191793541,0,27.96,27.96,41.94,0,1,1
317,102,drugs_alcohol,493,cvd_ihd,428941,9023,0,continuous,gday,-0.598836501,0.143286745,0,0,0,27.96,0,1,1
318,102,drugs_alcohol,493,cvd_ihd,428941,9023,0,continuous,gday,0.444685821,0.196500742,0,27.96,27.96,41.94,0,1,1
319,102,drugs_alcohol,493,cvd_ihd,428941,9023,0,continuous,gday,-0.292669614,0.166080534,0,0,0,27.96,0,1,1
320,102,drugs_alcohol,493,cvd_ihd,309679,9023,0,continuous,gday,-0.210721031,0.296722145,0,0,20.00000002,30.00000003,0,1,1
321,102,drugs_alcohol,493,cvd_ihd,309679,9023,0,continuous,gday,-0.371063681,0.275970707,0,0,30.00000003,45.00000005,0,1,1
322,102,drugs_alcohol,493,cvd_ihd,309679,9023,0,continuous,gday,-0.446287103,0.289535697,0,0,0.142857143,10.00000001,0,1,1
323,102,drugs_alcohol,493,cvd_ihd,309679,9023,0,continuous,gday,-0.597837001,0.36519157,0,0,10.00000001,15.00000002,0,1,1
324,102,drugs_alcohol,493,cvd_ihd,309679,9023,0,continuous,gday,-0.713349888,0.452793967,0,0,0.142857143,0.214285715,0,1,1
325,102,drugs_alcohol,493,cvd_ihd,309679,9023,0,continuous,gday,-0.713349888,0.27130637,0,0,0,0.142857143,0,1,1
326,102,drugs_alcohol,493,cvd_ihd,309679,9023,0,continuous,gday,-0.235722334,0.233747636,0,0,0,1.861904762,0,1,1
327,102,drugs_alcohol,493,cvd_ihd,309679,9023,0,continuous,gday,-0.713349888,0.27130637,0,0,0,1.861904762,0,1,1
328,102,drugs_alcohol,493,cvd_ihd,309679,9023,0,continuous,gday,-0.994252273,1.018541048,0,0,0,1.861904762,0,1,1
329,102,drugs_alcohol,493,cvd_ihd,309681,9023,0,continuous,gday,-0.385662481,0.387211918,0,0,0.01,18,0,1,1
330,102,drugs_alcohol,493,cvd_ihd,309681,9023,0,continuous,gday,-0.94160854,0.425152124,0,0,18.01,36,0,1,1
331,102,drugs_alcohol,493,cvd_ihd,309681,9023,0,continuous,gday,-0.494296322,0.524605108,0,0,36.01,54,0,1,1
332,102,drugs_alcohol,493,cvd_ihd,309681,9023,0,continuous,gday,-0.15082289,0.751132393,0,0,54,81,0,1,1
333,102,drugs_alcohol,493,cvd_ihd,309705,9023,0,continuous,gday,0.39877612,0.242432799,0,0,10.33333332,15.49999998,1,1,1
334,102,drugs_alcohol,493,cvd_ihd,309706,9023,0,continuous,gday,-0.634878272,0.146377659,0,0,0,10,1,1,1
335,102,drugs_alcohol,493,cvd_ihd,309706,9023,0,continuous,gday,-0.798507696,0.17682326,0,0,10,20,1,1,1
336,102,drugs_alcohol,493,cvd_ihd,309706,9023,0,continuous,gday,-0.820980552,0.197242318,0,0,20,30,1,1,1
337,102,drugs_alcohol,493,cvd_ihd,309682,9023,0,continuous,gday,-0.210721031,0.156935112,0,0,0.78924,11.04936,0,1,1
338,102,drugs_alcohol,493,cvd_ihd,309682,9023,0,continuous,gday,-0.385662481,0.280258237,0,0,11.8386,30.78036,0,1,1
339,102,drugs_alcohol,493,cvd_ihd,309682,9023,0,continuous,gday,-0.798507696,0.299891156,0,0,31.5696,47.3544,0,1,1
340,102,drugs_alcohol,493,cvd_ihd,309682,9023,0,continuous,gday,-0.510825624,0.260625318,0,0,0.78924,11.04936,0,1,1
341,102,drugs_alcohol,493,cvd_ihd,309682,9023,0,continuous,gday,-1.272965676,0.714036219,0,0,11.8386,30.78036,0,1,1
342,102,drugs_alcohol,493,cvd_ihd,309682,9023,0,continuous,gday,-0.328504067,0.429593522,0,0,31.5696,47.3544,0,1,1
343,102,drugs_alcohol,493,cvd_ihd,429454,9023,0,continuous,gday,-0.174353387,0.181110791,0,0,0.1,4.9,1,1,1
344,102,drugs_alcohol,493,cvd_ihd,429454,9023,0,continuous,gday,-0.287682072,0.21315498,0,0,5,9.9,1,1,1
345,102,drugs_alcohol,493,cvd_ihd,429454,9023,0,continuous,gday,-0.776528789,0.238971751,0,0,10,14.9,1,1,1
346,102,drugs_alcohol,493,cvd_ihd,429454,9023,0,continuous,gday,-0.446287103,0.213530959,0,0,15,29.9,1,1,1
347,102,drugs_alcohol,493,cvd_ihd,309684,9023,0,continuous,gday,-0.46203546,0.14275913,0,0,0.77792756,7.00134804,0,1,1
348,102,drugs_alcohol,493,cvd_ihd,309684,9023,0,continuous,gday,-0.371063681,0.150500751,0,0,7.7792756,14.78062364,0,1,1
349,102,drugs_alcohol,493,cvd_ihd,309684,9023,0,continuous,gday,-0.400477567,0.187680305,0,0,15.5585512,22.55989924,0,1,1
350,102,drugs_alcohol,493,cvd_ihd,309684,9023,0,continuous,gday,-0.478035801,0.182687933,0,0,23.3378268,45.89772604,0,1,1
351,102,drugs_alcohol,493,cvd_ihd,309684,9023,0,continuous,gday,0,0.229792486,0,0,46.6756536,69.23555284,0,1,1
352,102,drugs_alcohol,493,cvd_ihd,309684,9023,0,continuous,gday,0.336472237,0.280258237,0,0,70.0134804,105.0202206,0,1,1
353,102,drugs_alcohol,493,cvd_ihd,309687,9023,0,continuous,gday,-0.510825624,0.206869953,0,0,0,20,0,1,1
354,102,drugs_alcohol,493,cvd_ihd,309687,9023,0,continuous,gday,-0.693147181,0.410570896,0,0,20,30,0,1,1
355,102,drugs_alcohol,493,cvd_ihd,309687,9023,0,continuous,gday,-0.356674944,0.48395918,0,0,30,45,0,1,1
356,102,drugs_alcohol,493,cvd_ihd,432572,9023,0,continuous,gday,-0.274436846,0.148449374,0,3.057255311,17.90011316,59.69816095,0,1,1
357,102,drugs_alcohol,493,cvd_ihd,432572,9023,0,continuous,gday,0.431782416,0.138043616,0,3.057255311,59.76817443,89.65226165,0,1,1
358,102,drugs_alcohol,493,cvd_ihd,432572,9023,0,continuous,gday,-0.15082289,0.117027162,0,0.373405229,0.396743056,3.990768383,0,1,1
359,102,drugs_alcohol,493,cvd_ihd,432572,9023,0,continuous,gday,-0.15082289,0.118016205,0,0.373405229,4.01410621,20.58396324,0,1,1
360,102,drugs_alcohol,493,cvd_ihd,432572,9023,0,continuous,gday,-0.083381609,0.118145599,0,0.373405229,20.60730106,30.9109516,0,1,1
361,102,drugs_alcohol,493,cvd_ihd,432572,9023,0,continuous,gday,-0.287682072,0.14534902,0,1.23690482,1.23690482,6.651280638,0,1,1
362,102,drugs_alcohol,493,cvd_ihd,432572,9023,0,continuous,gday,-0.673344553,0.158976682,0,1.23690482,6.674618465,23.43117811,0,1,1
363,102,drugs_alcohol,493,cvd_ihd,432572,9023,0,continuous,gday,-0.527632742,0.152509439,0,1.23690482,23.43117811,35.14676716,0,1,1
364,102,drugs_alcohol,493,cvd_ihd,432572,9023,0,continuous,gday,-0.040821995,0.124115544,0,0.373405229,0.373405229,1.960377451,0,1,1
365,102,drugs_alcohol,493,cvd_ihd,432572,9023,0,continuous,gday,-0.314710745,0.13212834,0,0.373405229,1.983715278,9.125090279,0,1,1
366,102,drugs_alcohol,493,cvd_ihd,309688,9023,0,continuous,gday,0.009950331,0.080698298,0,0,1.142857143,8.000000001,1,1,1
367,102,drugs_alcohol,493,cvd_ihd,309688,9023,0,continuous,gday,-0.139262067,0.087823864,0,0,9.142857144,16,1,1,1
368,102,drugs_alcohol,493,cvd_ihd,432572,9023,0,continuous,gday,0.165514438,0.193582255,0,0,3.080593138,17.87677533,0,1,1
369,102,drugs_alcohol,493,cvd_ihd,432572,9023,0,continuous,gday,0.039220713,0.195856644,0,0,17.90011316,59.69816095,0,1,1
370,102,drugs_alcohol,493,cvd_ihd,432572,9023,0,continuous,gday,0.737164066,0.189775384,0,0,59.76817443,89.65226165,0,1,1
371,102,drugs_alcohol,493,cvd_ihd,432572,9023,0,continuous,gday,0.246860078,0.122099409,0,0,0,0.373405229,0,1,1
372,102,drugs_alcohol,493,cvd_ihd,432572,9023,0,continuous,gday,0.086177696,0.130312659,0,0,0.396743056,3.990768383,0,1,1
373,102,drugs_alcohol,493,cvd_ihd,432572,9023,0,continuous,gday,0.09531018,0.132702391,0,0,4.01410621,20.58396324,0,1,1
374,102,drugs_alcohol,493,cvd_ihd,432572,9023,0,continuous,gday,0.182321557,0.134711079,0,0,20.60730106,30.9109516,0,1,1
375,102,drugs_alcohol,493,cvd_ihd,432572,9023,0,continuous,gday,0.530628251,0.190615919,0,0,0,1.23690482,0,1,1
376,102,drugs_alcohol,493,cvd_ihd,432572,9023,0,continuous,gday,0.2390169,0.200867275,0,0,1.23690482,6.651280638,0,1,1
377,102,drugs_alcohol,493,cvd_ihd,432572,9023,0,continuous,gday,-0.139262067,0.207845488,0,0,6.674618465,23.43117811,0,1,1
378,102,drugs_alcohol,493,cvd_ihd,432572,9023,0,continuous,gday,0.009950331,0.207292658,0,0,23.43117811,35.14676716,0,1,1
379,102,drugs_alcohol,493,cvd_ihd,432572,9023,0,continuous,gday,0.207014169,0.129775036,0,0,0,0.373405229,0,1,1
380,102,drugs_alcohol,493,cvd_ihd,432572,9023,0,continuous,gday,0.165514438,0.13867741,0,0,0.373405229,1.960377451,0,1,1
381,102,drugs_alcohol,493,cvd_ihd,432572,9023,0,continuous,gday,-0.105360516,0.148673246,0,0,1.983715278,9.125090279,0,1,1
382,102,drugs_alcohol,493,cvd_ihd,432572,9023,0,continuous,gday,-0.210721031,0.152296765,0,0,9.125090279,13.68763542,0,1,1
383,102,drugs_alcohol,493,cvd_ihd,428293,9023,0,continuous,gday,-0.314710745,0.073388284,0,0,0,10,0,1,1
384,102,drugs_alcohol,493,cvd_ihd,438136,9023,0,continuous,gday,-0.287682072,0.121515165,0,1.285714286,54,81,0,1,1
385,102,drugs_alcohol,493,cvd_ihd,438136,9023,0,continuous,gday,-0.274436846,0.089789904,0,1.285714286,1.285714286,19.28571429,0,1,1
386,102,drugs_alcohol,493,cvd_ihd,438136,9023,0,continuous,gday,-0.029558802,0.143691862,0,0,0,1.285714286,0,1,1
387,102,drugs_alcohol,493,cvd_ihd,309718,9023,0,continuous,gday,-0.248461359,0.213994641,0,0,2.5,28,1,1,1
388,102,drugs_alcohol,493,cvd_ihd,309718,9023,0,continuous,gday,-0.755022584,0.434884717,0,0,28,56,1,1,1
389,102,drugs_alcohol,493,cvd_ihd,432749,9023,0,continuous,gday,-0.356674944,0.115302327,0,6,36,48,0,1,1
390,102,drugs_alcohol,493,cvd_ihd,432749,9023,0,continuous,gday,-0.19062036,0.056924375,0,0,0,6,0,1,1
391,102,drugs_alcohol,493,cvd_ihd,432749,9023,0,continuous,gday,-0.186329578,0.058299592,0,0,0,6,0,1,1
392,102,drugs_alcohol,493,cvd_ihd,309692,9023,0,continuous,gday,-0.301105093,0.099218318,0,1.571428571,1.142857143,6.857142857,0,1,1
393,102,drugs_alcohol,493,cvd_ihd,309692,9023,0,continuous,gday,-0.287682072,0.143397683,0,1.571428571,8,14.85714286,0,1,1
394,102,drugs_alcohol,493,cvd_ihd,309692,9023,0,continuous,gday,-0.287682072,0.181591662,0,1.571428571,16,30.85714286,0,1,1
395,102,drugs_alcohol,493,cvd_ihd,309692,9023,0,continuous,gday,-0.301105093,0.096367986,0,1.571428571,1.142857143,6.857142857,0,1,1
396,102,drugs_alcohol,493,cvd_ihd,298281,9023,0,continuous,gday,-0.653926467,0.190615919,0,0,45,55,1,1,1
397,102,drugs_alcohol,493,cvd_ihd,298281,9023,0,continuous,gday,-0.544727175,0.117810726,0,0,55,90,1,1,1
398,102,drugs_alcohol,493,cvd_ihd,309719,9023,0,continuous,gday,-0.186329578,0.189908284,0,0,10,30,0,1,1
399,102,drugs_alcohol,493,cvd_ihd,309719,9023,0,continuous,gday,-0.314710745,0.266025747,0,0,30,60,0,1,1
400,102,drugs_alcohol,493,cvd_ihd,309719,9023,0,continuous,gday,-0.994252273,0.457081497,0,0,60,90,0,1,1
401,102,drugs_alcohol,493,cvd_ihd,309692,9023,0,continuous,gday,-0.478035801,0.093429693,0,1.571428571,21.99999999,42.42857142,0,1,1
402,102,drugs_alcohol,493,cvd_ihd,309692,9023,0,continuous,gday,-0.544727175,0.105237825,0,1.571428571,43.99999999,65.99999998,0,1,1
403,102,drugs_alcohol,493,cvd_ihd,309692,9023,0,continuous,gday,-0.301105093,0.099218318,0,1.571428571,1.571428571,9.428571426,0,1,1
404,102,drugs_alcohol,493,cvd_ihd,431103,9023,0,continuous,gday,-0.198450939,0.046510601,0.1,4.9,5,14.9,0,1,1
405,102,drugs_alcohol,493,cvd_ihd,431103,9023,0,continuous,gday,-0.248461359,0.055462469,0.1,4.9,15,29.9,0,1,1
406,102,drugs_alcohol,493,cvd_ihd,431103,9023,0,continuous,gday,-0.328504067,0.063223511,0.1,4.9,30,59.9,0,1,1
407,102,drugs_alcohol,493,cvd_ihd,431103,9023,0,continuous,gday,-0.385662481,0.092772444,0.1,4.9,60,90,0,1,1
408,102,drugs_alcohol,493,cvd_ihd,309694,9023,0,continuous,gday,-0.673344553,0.294513456,0,0,17.14285715,40.00000001,0,1,1
409,102,drugs_alcohol,493,cvd_ihd,309694,9023,0,continuous,gday,-0.544727175,0.396988112,0,0,41.14285715,64.00000001,0,1,1
410,102,drugs_alcohol,493,cvd_ihd,431103,9023,0,continuous,gday,-0.287682072,0.061520933,0.1,4.9,15,29.9,0,1,1
411,102,drugs_alcohol,493,cvd_ihd,431103,9023,0,continuous,gday,-0.342490309,0.068192543,0.1,4.9,30,59.9,0,1,1
412,102,drugs_alcohol,493,cvd_ihd,309694,9023,0,continuous,gday,-1.771956842,0.535729803,0,0,5.714285715,16,0,1,1
413,102,drugs_alcohol,493,cvd_ihd,309694,9023,0,continuous,gday,-1.897119985,0.66395145,0,0,17.14285715,40.00000001,0,1,1
414,102,drugs_alcohol,493,cvd_ihd,309720,9023,0,continuous,gday,0.446287103,0.252652731,0,0,0,4.9,0,1,1
415,102,drugs_alcohol,493,cvd_ihd,309720,9023,0,continuous,gday,-0.431782416,0.234273078,0,0,0,4.9,0,1,1
416,102,drugs_alcohol,493,cvd_ihd,309720,9023,0,continuous,gday,0.127833372,0.168593449,0,0,0,4.9,0,1,1
417,102,drugs_alcohol,493,cvd_ihd,309720,9023,0,continuous,gday,-0.598836501,0.195654871,0,0,0,4.9,0,1,1
418,102,drugs_alcohol,493,cvd_ihd,309722,9023,0,continuous,gday,-1.514127733,0.353646521,0,0,0,20,0,1,1
419,102,drugs_alcohol,493,cvd_ihd,309722,9023,0,continuous,gday,-1.966112856,0.457081497,0,0,20,30,0,1,1
420,102,drugs_alcohol,493,cvd_ihd,309722,9023,0,continuous,gday,-0.693147181,0.410570896,0,0,30,45,0,1,1
421,102,drugs_alcohol,493,cvd_ihd,309723,9023,0,continuous,gday,-0.916290732,0.216147413,0,0,1,9,0,1,1
422,102,drugs_alcohol,493,cvd_ihd,309663,9023,0,continuous,gday,-0.478035801,0.125052637,0,1,13,30,1,1,1
423,102,drugs_alcohol,493,cvd_ihd,309663,9023,0,continuous,gday,-0.616186139,0.190252784,0,1,30,45,1,1,1
424,102,drugs_alcohol,493,cvd_ihd,309663,9023,0,continuous,gday,-0.415515444,0.106565102,0,1,2,12,1,1,1
425,102,drugs_alcohol,493,cvd_ihd,309663,9023,0,continuous,gday,-0.478035801,0.125052637,0,1,13,30,1,1,1
426,102,drugs_alcohol,493,cvd_ihd,309663,9023,0,continuous,gday,-0.616186139,0.190252784,0,1,30,45,1,1,1
427,102,drugs_alcohol,493,cvd_ihd,309663,9023,0,continuous,gday,-0.415515444,0.106565102,0,1,2,12,1,1,1
428,102,drugs_alcohol,493,cvd_ihd,309663,9023,0,continuous,gday,-0.478035801,0.125052637,0,1,13,30,1,1,1
429,102,drugs_alcohol,493,cvd_ihd,309725,9023,0,continuous,gday,0.157003749,0.209041047,0,0,21.42857144,40.00000001,0,1,1
430,102,drugs_alcohol,493,cvd_ihd,309725,9023,0,continuous,gday,-0.210721031,0.298487564,0,0,40.00000001,60.00000002,0,1,1
431,102,drugs_alcohol,493,cvd_ihd,309725,9023,0,continuous,gday,-0.274436846,0.138961014,0,0,1.428571429,10,0,1,1
432,102,drugs_alcohol,493,cvd_ihd,309725,9023,0,continuous,gday,0.019802627,0.205197147,0,0,11.42857143,20.00000001,0,1,1
433,102,drugs_alcohol,493,cvd_ihd,309699,9023,0,continuous,gday,-0.235722334,0.258061457,0,10,30,45,0,1,1
434,102,drugs_alcohol,493,cvd_ihd,309700,9023,0,continuous,gday,0.09531018,0.240934084,0,0,0,16.66987629,0,1,1
435,102,drugs_alcohol,493,cvd_ihd,309700,9023,0,continuous,gday,0.09531018,0.254726742,0,0,16.66987629,30.00577731,0,1,1
436,102,drugs_alcohol,493,cvd_ihd,309700,9023,0,continuous,gday,0.405465108,0.260625318,0,0,33.33975257,63.34552988,0,1,1
437,102,drugs_alcohol,493,cvd_ihd,309700,9023,0,continuous,gday,0.09531018,0.280258237,0,0,66.67950514,100.0192577,0,1,1
438,102,drugs_alcohol,493,cvd_ihd,309701,9023,0,continuous,gday,-0.371063681,0.316610294,0,0,1,22,0,1,1
439,102,drugs_alcohol,493,cvd_ihd,309701,9023,0,continuous,gday,-0.597837001,0.325789558,0,0,23,45,0,1,1
440,102,drugs_alcohol,493,cvd_ihd,309701,9023,0,continuous,gday,-0.820980552,0.385039401,0,0,46,68,0,1,1
441,102,drugs_alcohol,493,cvd_ihd,309701,9023,0,continuous,gday,-0.328504067,0.478898378,0,0,69,103.5,0,1,1
442,102,drugs_alcohol,493,cvd_ihd,309702,9023,0,continuous,gday,0,0.265677009,0,0,0.033333333,9.099999909,1,1,1
443,102,drugs_alcohol,493,cvd_ihd,309702,9023,0,continuous,gday,0.182321557,0.292125588,0,0,9.099999909,13.64999986,1,1,1
444,102,drugs_alcohol,493,cvd_ihd,309705,9023,0,continuous,gday,0.460584407,0.168398777,0,0,0.333333333,9.99999999,1,1,1
445,102,drugs_alcohol,493,cvd_ihd,309705,9023,0,continuous,gday,0.867100488,0.227633046,0,0,10.33333332,15.49999998,1,1,1
446,102,drugs_alcohol,493,cvd_ihd,309705,9023,0,continuous,gday,0.457424847,0.204181814,0,0,0.333333333,9.99999999,1,1,1
447,102,drugs_alcohol,493,cvd_ihd,309664,9023,0,continuous,gday,0.470003629,0.289535697,0,0,20,30,0,1,1
448,102,drugs_alcohol,493,cvd_ihd,309731,9023,0,continuous,gday,-0.342490309,0.47446359,0,1.285714286,20.57142858,54.00000001,1,1,1
449,102,drugs_alcohol,493,cvd_ihd,309731,9023,0,continuous,gday,0.31481074,0.611707978,0,1.285714286,54.00000001,81.00000002,1,1,1
450,102,drugs_alcohol,493,cvd_ihd,428293,9023,0,continuous,gday,-0.342490309,0.161664225,0,0,24.17000001,36.25500001,0,1,1
451,102,drugs_alcohol,493,cvd_ihd,309706,9023,0,continuous,gday,-0.755022584,0.24910959,0,0,20,40,1,1,1
452,102,drugs_alcohol,493,cvd_ihd,309706,9023,0,continuous,gday,-0.634878272,0.208216141,0,0,40,60,1,1,1
453,102,drugs_alcohol,493,cvd_ihd,309706,9023,0,continuous,gday,-1.30933332,0.103434977,0,0,0,10,1,1,1
454,102,drugs_alcohol,493,cvd_ihd,309706,9023,0,continuous,gday,-1.108662625,0.171452493,0,0,10,20,1,1,1
455,102,drugs_alcohol,493,cvd_ihd,309706,9023,0,continuous,gday,-0.693147181,0.250211544,0,0,20,30,1,1,1
456,102,drugs_alcohol,493,cvd_ihd,309706,9023,0,continuous,gday,-0.510825624,0.410570896,0,0,20,40,1,1,1
457,102,drugs_alcohol,493,cvd_ihd,309706,9023,0,continuous,gday,-1.609437912,0.467495271,0,0,40,60,1,1,1
458,102,drugs_alcohol,493,cvd_ihd,309707,9023,0,continuous,gday,-0.174353387,0.12715346,1.714285714,10.28571428,12,22.28571428,0,1,1
459,102,drugs_alcohol,493,cvd_ihd,309665,9023,0,continuous,gday,-0.350656872,0.121035199,0,0,0,10,1,1,1
460,102,drugs_alcohol,493,cvd_ihd,309665,9023,0,continuous,gday,-0.336472237,0.169131159,0,0,0,5,1,1,1
461,102,drugs_alcohol,493,cvd_ihd,431103,9023,0,continuous,gday,-0.198450939,0.046510601,0.1,4.9,5,14.9,0,1,1
462,102,drugs_alcohol,493,cvd_ihd,431103,9023,0,continuous,gday,-0.248461359,0.055462469,0.1,4.9,15,29.9,0,1,1
463,102,drugs_alcohol,493,cvd_ihd,431103,9023,0,continuous,gday,-0.328504067,0.063223511,0.1,4.9,30,59.9,0,1,1
464,102,drugs_alcohol,493,cvd_ihd,431103,9023,0,continuous,gday,-0.385662481,0.092772444,0.1,4.9,60,90,0,1,1
465,102,drugs_alcohol,493,cvd_ihd,428293,9023,0,continuous,gday,-0.314710745,0.073388284,0,0,0,10,0,1,1
466,102,drugs_alcohol,493,cvd_ihd,309708,9023,0,continuous,gday,-0.46203546,0.159618852,0,0,11.67642756,17.51464134,0,1,1
467,102,drugs_alcohol,493,cvd_ihd,309708,9023,0,continuous,gday,0.067658648,0.144998846,0,0,0.021623014,0.21623014,0,1,1
468,102,drugs_alcohol,493,cvd_ihd,431103,9023,0,continuous,gday,-0.342490309,0.068192543,0.1,4.9,30,59.9,0,1,1
469,102,drugs_alcohol,493,cvd_ihd,431103,9023,0,continuous,gday,-0.385662481,0.095864628,0.1,4.9,60,90,0,1,1
470,102,drugs_alcohol,493,cvd_ihd,431103,9023,0,continuous,gday,-0.165514438,0.06030326,0,0.1,0.1,4.9,0,1,1
471,102,drugs_alcohol,493,cvd_ihd,310068,9023,0,continuous,gday,-0.510825624,0.146776568,0,0,2.857142858,10,0,1,1
472,102,drugs_alcohol,493,cvd_ihd,310068,9023,0,continuous,gday,-0.342490309,0.265677009,0,0,10,20.00000001,0,1,1
473,102,drugs_alcohol,493,cvd_ihd,310068,9023,0,continuous,gday,0.165514438,0.095786805,0,0,20.00000001,30.00000001,0,1,1
474,102,drugs_alcohol,493,cvd_ihd,428293,9023,0,continuous,gday,-0.314710745,0.073388284,0,0,0,10,0,1,1
475,102,drugs_alcohol,493,cvd_ihd,428293,9023,0,continuous,gday,-0.223143551,0.113848751,0,0,11.42857143,24.17000001,0,1,1
476,102,drugs_alcohol,493,cvd_ihd,428293,9023,0,continuous,gday,-0.342490309,0.161664225,0,0,24.17000001,36.25500001,0,1,1
477,102,drugs_alcohol,493,cvd_ihd,437687,9023,0,continuous,gday,-0.061875404,0.432555002,0,0,30,45,0,1,1
478,102,drugs_alcohol,493,cvd_ihd,437703,9023,0,continuous,gday,-0.186329578,0.163738236,0,10,10,20,0,1,1
479,102,drugs_alcohol,493,cvd_ihd,437703,9023,0,continuous,gday,-0.328504067,0.126642063,0,10,20,30,0,1,1
480,102,drugs_alcohol,493,cvd_ihd,437710,9023,0,continuous,gday,-0.478035801,0.277949605,0,0,0.1,39.9,0,1,1
481,102,drugs_alcohol,493,cvd_ihd,437710,9023,0,continuous,gday,-0.162518929,0.247793497,0,0,40,60,0,1,1
482,102,drugs_alcohol,493,cvd_ihd,437800,9023,0,continuous,gday,-1.171182982,0.457081497,0,0,0,12,0,1,1
483,102,drugs_alcohol,493,cvd_ihd,428293,9023,0,continuous,gday,-0.314710745,0.073388284,0,0,0,10,0,1,1
484,102,drugs_alcohol,493,cvd_ihd,428293,9023,0,continuous,gday,-0.223143551,0.113848751,0,0,11.42857143,24.17000001,0,1,1
485,102,drugs_alcohol,493,cvd_ihd,428293,9023,0,continuous,gday,-0.342490309,0.161664225,0,0,24.17000001,36.25500001,0,1,1
486,102,drugs_alcohol,493,cvd_ihd,310070,9023,0,continuous,gday,-0.062588424,0.26625972,0,0,21.42857144,40.00000001,1,1,1
487,102,drugs_alcohol,493,cvd_ihd,310070,9023,0,continuous,gday,-0.112821614,0.312512219,0,0,41.42857144,62.14285716,1,1,1
488,102,drugs_alcohol,493,cvd_ihd,428293,9023,0,continuous,gday,-0.314710745,0.073388284,0,0,0,10,0,1,1
489,102,drugs_alcohol,493,cvd_ihd,428293,9023,0,continuous,gday,-0.223143551,0.113848751,0,0,11.42857143,24.17000001,0,1,1
490,102,drugs_alcohol,493,cvd_ihd,437929,9023,0,continuous,gday,0.131028262,0.162603367,1.142857143,6.857142858,8.000000001,11.42857143,0,1,1
491,102,drugs_alcohol,493,cvd_ihd,431103,9023,0,continuous,gday,-0.198450939,0.046510601,0.1,4.9,5,14.9,0,1,1
492,102,drugs_alcohol,493,cvd_ihd,428293,9023,0,continuous,gday,-0.314710745,0.073388284,0,0,0,10,0,1,1
493,102,drugs_alcohol,493,cvd_ihd,428293,9023,0,continuous,gday,-0.223143551,0.113848751,0,0,11.42857143,24.17000001,0,1,1
494,102,drugs_alcohol,493,cvd_ihd,428293,9023,0,continuous,gday,-0.342490309,0.161664225,0,0,24.17000001,36.25500001,0,1,1
495,102,drugs_alcohol,493,cvd_ihd,431103,9023,0,continuous,gday,-0.122217633,0.056418722,0,0.1,0.1,4.9,0,1,1
496,102,drugs_alcohol,493,cvd_ihd,431103,9023,0,continuous,gday,-0.210721031,0.050555339,0.1,4.9,5,14.9,0,1,1
497,102,drugs_alcohol,493,cvd_ihd,431103,9023,0,continuous,gday,-0.287682072,0.061520933,0.1,4.9,15,29.9,0,1,1
498,102,drugs_alcohol,493,cvd_ihd,431103,9023,0,continuous,gday,-0.342490309,0.068192543,0.1,4.9,30,59.9,0,1,1
499,102,drugs_alcohol,493,cvd_ihd,431103,9023,0,continuous,gday,-0.385662481,0.095864628,0.1,4.9,60,90,0,1,1
500,102,drugs_alcohol,493,cvd_ihd,431103,9023,0,continuous,gday,-0.165514438,0.06030326,0,0.1,0.1,4.9,0,1,1
501,102,drugs_alcohol,493,cvd_ihd,438104,9023,0,continuous,gday,-0.653926467,0.229066733,0,1.3,15.2,22.8,0,1,1
502,102,drugs_alcohol,493,cvd_ihd,309723,9023,0,continuous,gday,-0.510825624,0.206869953,0,0,34,51,0,1,1
503,102,drugs_alcohol,493,cvd_ihd,309723,9023,0,continuous,gday,-0.693147181,0.383693213,0,0,1,9,0,1,1
504,102,drugs_alcohol,493,cvd_ihd,438136,9023,0,continuous,gday,-0.248461359,0.094109059,0,1.285714286,20.57142858,54.00000001,0,1,1
505,102,drugs_alcohol,493,cvd_ihd,309723,9023,0,continuous,gday,-0.916290732,0.673228911,0,0,34,51,0,1,1
506,102,drugs_alcohol,493,cvd_ihd,438136,9023,0,continuous,gday,-0.287682072,0.121515165,0,1.285714286,54,81,0,1,1
507,102,drugs_alcohol,493,cvd_ihd,309718,9023,0,continuous,gday,0.076961041,0.355997708,0,0,56,84,1,1,1
508,102,drugs_alcohol,493,cvd_ihd,309718,9023,0,continuous,gday,0.122217633,0.203868718,0,0,0.01,2.49,1,1,1
509,102,drugs_alcohol,493,cvd_ihd,309718,9023,0,continuous,gday,-0.139262067,0.322731838,0,0,2.5,14,1,1,1
510,102,drugs_alcohol,493,cvd_ihd,309718,9023,0,continuous,gday,-0.198450939,0.38296539,0,0,14,21,1,1,1
511,102,drugs_alcohol,493,cvd_ihd,309719,9023,0,continuous,gday,0.336472237,0.601249256,0,0,0.1,10,1,1,1
512,102,drugs_alcohol,493,cvd_ihd,309719,9023,0,continuous,gday,0.425267735,0.61521287,0,0,10,30,1,1,1
513,102,drugs_alcohol,493,cvd_ihd,309719,9023,0,continuous,gday,0.336472237,0.751970167,0,0,30,60,1,1,1
514,102,drugs_alcohol,493,cvd_ihd,309719,9023,0,continuous,gday,1.244154594,0.760594215,0,0,60,90,1,1,1
515,102,drugs_alcohol,493,cvd_ihd,309719,9023,0,continuous,gday,-0.127833372,0.18090498,0,0,0.1,10,0,1,1
516,102,drugs_alcohol,493,cvd_ihd,309692,9023,0,continuous,gday,-0.478035801,0.093429693,0,1.571428571,16,30.85714286,0,1,1
517,102,drugs_alcohol,493,cvd_ihd,432797,9023,0,continuous,gday,-0.287682072,0.124186415,0,0,30,45,0,1,1
518,102,drugs_alcohol,493,cvd_ihd,432797,9023,0,continuous,gday,0.009950331,0.102408408,0,0,0.01,20,0,1,1
519,102,drugs_alcohol,493,cvd_ihd,309719,9023,0,continuous,gday,-0.072570693,0.172928497,0,0,0.1,10,0,1,1
520,102,drugs_alcohol,493,cvd_ihd,309719,9023,0,continuous,gday,-0.127833372,0.18090498,0,0,10,30,0,1,1
521,102,drugs_alcohol,493,cvd_ihd,309719,9023,0,continuous,gday,-0.248461359,0.248210734,0,0,30,60,0,1,1
522,102,drugs_alcohol,493,cvd_ihd,309719,9023,0,continuous,gday,-0.478035801,0.353646521,0,0,60,90,0,1,1
523,102,drugs_alcohol,493,cvd_ihd,309720,9023,0,continuous,gday,-0.314710745,0.120448082,0,4.9,5,14.9,0,1,1
524,102,drugs_alcohol,493,cvd_ihd,309720,9023,0,continuous,gday,-0.261364764,0.125158907,0,4.9,15,29.9,0,1,1
525,102,drugs_alcohol,493,cvd_ihd,309720,9023,0,continuous,gday,-0.198450939,0.159223038,0,4.9,30,49.9,0,1,1
526,102,drugs_alcohol,493,cvd_ihd,309720,9023,0,continuous,gday,-0.415515444,0.226352856,0,4.9,50,69.9,0,1,1
527,102,drugs_alcohol,493,cvd_ihd,309720,9023,0,continuous,gday,0.058268908,0.200810237,0,4.9,70,105,0,1,1
528,102,drugs_alcohol,493,cvd_ihd,309720,9023,0,continuous,gday,-0.356674944,0.158686546,0,4.9,5,14.9,0,1,1
529,102,drugs_alcohol,493,cvd_ihd,309720,9023,0,continuous,gday,-0.139262067,0.3242921,0,4.9,15,19.9,0,1,1
530,102,drugs_alcohol,493,cvd_ihd,309720,9023,0,continuous,gday,-0.713349888,0.364060295,0,4.9,20,29.9,0,1,1
531,102,drugs_alcohol,493,cvd_ihd,309720,9023,0,continuous,gday,-1.021651248,0.565197377,0,4.9,30,45,0,1,1
532,102,drugs_alcohol,493,cvd_ihd,431103,9023,0,continuous,gday,-0.165514438,0.06030326,0,0.1,0.1,4.9,0,1,1
533,102,drugs_alcohol,493,cvd_ihd,436456,9023,0,continuous,gday,-0.46203546,0.372095669,0.1,1.4,5,9.9,1,1,1
534,102,drugs_alcohol,493,cvd_ihd,309665,9023,0,continuous,gday,-0.350656872,0.121035199,0,0,0,10,1,1,1
535,102,drugs_alcohol,493,cvd_ihd,436456,9023,0,continuous,gday,-1.560647748,0.756447211,0.1,1.4,15,22.5,1,1,1
536,102,drugs_alcohol,493,cvd_ihd,436456,9023,0,continuous,gday,0.020202707,0.340561497,0,0,0.1,1.4,1,1,1
537,102,drugs_alcohol,493,cvd_ihd,309665,9023,0,continuous,gday,0.494696242,0.242595992,0,10,60,90,1,1,1
538,102,drugs_alcohol,493,cvd_ihd,436458,9023,0,continuous,gday,-0.210721031,0.084245328,1.714285714,10.28571428,24,34.28571428,0,1,1
539,102,drugs_alcohol,493,cvd_ihd,436458,9023,0,continuous,gday,-0.261364764,0.134600189,1.714285714,10.28571428,35.99999999,46.28571428,0,1,1
540,102,drugs_alcohol,493,cvd_ihd,436458,9023,0,continuous,gday,-0.46203546,0.137499107,1.714285714,10.28571428,47.99999999,71.99999999,0,1,1
541,102,drugs_alcohol,493,cvd_ihd,436458,9023,0,continuous,gday,-0.148420005,0.065772732,0,1.714285714,1.714285714,10.28571428,0,1,1
542,102,drugs_alcohol,493,cvd_ihd,309665,9023,0,continuous,gday,-0.083381609,0.11467477,0,10,10,60,1,1,1
543,102,drugs_alcohol,493,cvd_ihd,309665,9023,0,continuous,gday,0.494696242,0.242595992,0,10,60,90,1,1,1
544,102,drugs_alcohol,493,cvd_ihd,309723,9023,0,continuous,gday,0.262364264,0.324736142,0,0,10,34,0,1,1
545,102,drugs_alcohol,493,cvd_ihd,431103,9023,0,continuous,gday,-0.122217633,0.056418722,0,0.1,0.1,4.9,0,1,1
546,102,drugs_alcohol,493,cvd_ihd,309725,9023,0,continuous,gday,-0.139262067,0.156071822,0,0,1.428571429,10,0,1,1
547,102,drugs_alcohol,493,cvd_ihd,437014,9023,0,continuous,gday,-0.105360516,0.137499107,0,4.907346708,9.818168974,14.72725346,0,1,1
548,102,drugs_alcohol,493,cvd_ihd,437014,9023,0,continuous,gday,-0.09531018,0.17682326,0,0,0,4.907346708,0,1,1
549,102,drugs_alcohol,493,cvd_ihd,428293,9023,0,continuous,gday,-0.342490309,0.161664225,0,0,24.17000001,36.25500001,0,1,1
550,102,drugs_alcohol,493,cvd_ihd,437389,9023,0,continuous,gday,0.548121409,0.104037343,0,0,0,24,0,1,1
551,102,drugs_alcohol,493,cvd_ihd,309725,9023,0,continuous,gday,-0.415515444,0.518222531,0,0,21.42857144,40.00000001,0,1,1
552,102,drugs_alcohol,493,cvd_ihd,309726,9023,0,continuous,gday,-0.083381609,0.15908702,0,0,0,20,1,1,1
553,102,drugs_alcohol,493,cvd_ihd,309726,9023,0,continuous,gday,-0.223143551,0.250861486,0,0,20,30,1,1,1
554,102,drugs_alcohol,493,cvd_ihd,309728,9023,0,continuous,gday,0.982078472,0.486669126,0,0,0,6.6666666,1,1,1
555,102,drugs_alcohol,493,cvd_ihd,309728,9023,0,continuous,gday,0.457424847,0.565419843,0,0,6.6666666,9.9999999,1,1,1
556,102,drugs_alcohol,493,cvd_ihd,309663,9023,0,continuous,gday,-0.616186139,0.190252784,0,1,30,45,1,1,1
557,102,drugs_alcohol,493,cvd_ihd,309663,9023,0,continuous,gday,-0.415515444,0.106565102,0,1,2,12,1,1,1
558,102,drugs_alcohol,493,cvd_ihd,309663,9023,0,continuous,gday,-0.478035801,0.125052637,0,1,13,30,1,1,1
559,102,drugs_alcohol,493,cvd_ihd,309663,9023,0,continuous,gday,-0.616186139,0.190252784,0,1,30,45,1,1,1
560,102,drugs_alcohol,493,cvd_ihd,309663,9023,0,continuous,gday,-0.415515444,0.106565102,0,1,2,12,1,1,1
561,102,drugs_alcohol,493,cvd_ihd,309663,9023,0,continuous,gday,-0.478035801,0.125052637,0,1,13,30,1,1,1
562,102,drugs_alcohol,493,cvd_ihd,309663,9023,0,continuous,gday,-0.616186139,0.190252784,0,1,30,45,1,1,1
563,102,drugs_alcohol,493,cvd_ihd,309663,9023,0,continuous,gday,-0.415515444,0.106565102,0,1,2,12,1,1,1
564,102,drugs_alcohol,493,cvd_ihd,309663,9023,0,continuous,gday,-0.478035801,0.125052637,0,1,13,30,1,1,1
565,102,drugs_alcohol,493,cvd_ihd,309663,9023,0,continuous,gday,-0.616186139,0.190252784,0,1,30,45,1,1,1
566,102,drugs_alcohol,493,cvd_ihd,309664,9023,0,continuous,gday,-0.356674944,0.201137082,0,0,0,10,0,1,1
567,102,drugs_alcohol,493,cvd_ihd,309664,9023,0,continuous,gday,-0.105360516,0.216147413,0,0,10,20,0,1,1
568,102,drugs_alcohol,493,cvd_ihd,437447,9023,0,continuous,gday,0.779324877,0.204137388,0,1.428571429,20.42857142,30.64285713,0,1,1
569,102,drugs_alcohol,493,cvd_ihd,428293,9023,0,continuous,gday,-0.314710745,0.073388284,0,0,0,10,0,1,1
570,102,drugs_alcohol,493,cvd_ihd,428293,9023,0,continuous,gday,-0.223143551,0.113848751,0,0,11.42857143,24.17000001,0,1,1
571,102,drugs_alcohol,493,cvd_ihd,437516,9023,0,continuous,gday,0.774727168,0.342489533,0.1,30,60,90,0,1,1
572,102,drugs_alcohol,493,cvd_ihd,309665,9023,0,continuous,gday,-0.083381609,0.396845716,0,5,5,20,1,1,1
573,102,drugs_alcohol,493,cvd_ihd,309665,9023,0,continuous,gday,0.329303747,0.721874269,0,5,20,30,1,1,1
574,102,drugs_alcohol,493,cvd_ihd,431103,9023,0,continuous,gday,-0.385662481,0.092772444,0.1,4.9,60,90,0,1,1
575,102,drugs_alcohol,493,cvd_ihd,309665,9023,0,continuous,gday,-0.336472237,0.169131159,0,0,0,5,1,1,1
576,102,drugs_alcohol,493,cvd_ihd,309665,9023,0,continuous,gday,-0.083381609,0.11467477,0,10,10,60,1,1,1
577,102,drugs_alcohol,493,cvd_ihd,438055,9023,0,continuous,gday,-0.342490309,0.245087371,0,0,0,17.85714288,0,1,1
578,102,drugs_alcohol,493,cvd_ihd,309665,9023,0,continuous,gday,-0.083381609,0.396845716,0,5,5,20,1,1,1
579,102,drugs_alcohol,493,cvd_ihd,309665,9023,0,continuous,gday,0.329303747,0.721874269,0,5,20,30,1,1,1
580,102,drugs_alcohol,493,cvd_ihd,428293,9023,0,continuous,gday,-0.342490309,0.161664225,0,0,24.17000001,36.25500001,0,1,1
581,102,drugs_alcohol,493,cvd_ihd,309734,9023,0,continuous,gday,0.470003629,0.132789397,0,0,100.0000001,150.0000002,1,1,1
582,102,drugs_alcohol,493,cvd_ihd,309723,9023,0,continuous,gday,-0.510825624,0.206869953,0,0,10,34,0,1,1
583,102,drugs_alcohol,493,cvd_ihd,431103,9023,0,continuous,gday,-0.198450939,0.046510601,0.1,4.9,5,14.9,0,1,1
584,102,drugs_alcohol,493,cvd_ihd,428293,9023,0,continuous,gday,-0.342490309,0.161664225,0,0,24.17000001,36.25500001,0,1,1
585,102,drugs_alcohol,493,cvd_ihd,309735,9023,0,continuous,gday,0.029558802,0.617623652,0,0,0,10.00000001,1,1,1
586,102,drugs_alcohol,493,cvd_ihd,309735,9023,0,continuous,gday,-0.967584026,0.687404893,0,0,10.00000001,72.00000007,1,1,1
587,102,drugs_alcohol,493,cvd_ihd,309735,9023,0,continuous,gday,-0.061875404,0.809606688,0,0,72.00000007,108.0000001,1,1,1
588,102,drugs_alcohol,493,cvd_ihd,309736,9023,0,continuous,gday,-0.342490309,0.187028703,0,1.142857143,2.285714286,6.857142858,0,1,1
589,102,drugs_alcohol,493,cvd_ihd,309736,9023,0,continuous,gday,-0.314710745,0.157190342,0,1.142857143,6.857142858,10.28571429,0,1,1
590,102,drugs_alcohol,493,cvd_ihd,310068,9023,0,continuous,gday,-0.040821995,0.081803207,0,0,0,2.857142858,0,1,1
591,102,drugs_alcohol,493,cvd_ihd,432406,9023,0,continuous,gday,-0.051293294,0.180602619,0,4.285714287,30.00000001,45.00000001,0,1,1
592,102,drugs_alcohol,493,cvd_ihd,432406,9023,0,continuous,gday,-0.652325186,0.267251718,0,0,0,2.857142858,0,1,1
593,102,drugs_alcohol,493,cvd_ihd,432406,9023,0,continuous,gday,-0.412109651,0.13250239,0,0,0,4.285714287,0,1,1
594,102,drugs_alcohol,493,cvd_ihd,310068,9023,0,continuous,gday,-0.105360516,0.101126345,0,0,0,2.857142858,0,1,1
595,102,drugs_alcohol,493,cvd_ihd,310068,9023,0,continuous,gday,-0.248461359,0.112712437,0,0,2.857142858,10,0,1,1
596,102,drugs_alcohol,493,cvd_ihd,310068,9023,0,continuous,gday,-0.248461359,0.14704666,0,0,10,20.00000001,0,1,1
597,102,drugs_alcohol,493,cvd_ihd,310068,9023,0,continuous,gday,-0.162518929,0.136516054,0,0,20.00000001,30.00000001,0,1,1
598,102,drugs_alcohol,493,cvd_ihd,310070,9023,0,continuous,gday,0.196627076,0.164533985,0,0,0,2.857142858,1,1,1
599,102,drugs_alcohol,493,cvd_ihd,310070,9023,0,continuous,gday,-0.591457394,0.309283267,0,0,2.857142858,10,1,1,1
600,102,drugs_alcohol,493,cvd_ihd,310070,9023,0,continuous,gday,-0.509060516,0.581131029,0,0,11.42857143,20.00000001,1,1,1
601,102,drugs_alcohol,493,cvd_ihd,310070,9023,0,continuous,gday,-0.5760933,0.723418951,0,0,21.42857144,40.00000001,1,1,1
602,102,drugs_alcohol,493,cvd_ihd,310070,9023,0,continuous,gday,1.52113989,0.599483065,0,0,41.42857144,62.14285716,1,1,1
603,102,drugs_alcohol,493,cvd_ihd,310070,9023,0,continuous,gday,-0.243958691,0.182475109,0,0,0,2.857142858,1,1,1
604,102,drugs_alcohol,493,cvd_ihd,310070,9023,0,continuous,gday,-0.314258792,0.200461679,0,0,2.857142858,10,1,1,1
605,102,drugs_alcohol,493,cvd_ihd,310070,9023,0,continuous,gday,-0.24559368,0.251531607,0,0,11.42857143,20.00000001,1,1,1
606,102,drugs_alcohol,493,cvd_ihd,432572,9023,0,continuous,gday,0.329303747,0.188509366,0,0,0,3.057255311,0,1,1
607,102,drugs_alcohol,493,cvd_ihd,431103,9023,0,continuous,gday,-0.122217633,0.056418722,0,0.1,0.1,4.9,0,1,1
608,102,drugs_alcohol,493,cvd_ihd,431103,9023,0,continuous,gday,-0.210721031,0.050555339,0.1,4.9,5,14.9,0,1,1
609,102,drugs_alcohol,493,cvd_ihd,436412,9023,0,continuous,gday,0,0.098754074,0,1.714285714,35.99999999,53.99999999,0,1,1
610,102,drugs_alcohol,493,cvd_ihd,428293,9023,0,continuous,gday,-0.342490309,0.161664225,0,0,24.17000001,36.25500001,0,1,1
611,102,drugs_alcohol,493,cvd_ihd,431103,9023,0,continuous,gday,-0.248461359,0.055462469,0.1,4.9,15,29.9,0,1,1
612,102,drugs_alcohol,493,cvd_ihd,431103,9023,0,continuous,gday,-0.328504067,0.063223511,0.1,4.9,30,59.9,0,1,1
613,102,drugs_alcohol,493,cvd_ihd,436456,9023,0,continuous,gday,-0.301105093,0.304005794,0.1,1.4,1.5,4.9,1,1,1
614,102,drugs_alcohol,493,cvd_ihd,431103,9023,0,continuous,gday,-0.122217633,0.056418722,0,0.1,0.1,4.9,0,1,1
615,102,drugs_alcohol,493,cvd_ihd,431103,9023,0,continuous,gday,-0.385662481,0.092772444,0.1,4.9,60,90,0,1,1
616,102,drugs_alcohol,493,cvd_ihd,431103,9023,0,continuous,gday,-0.342490309,0.068192543,0.1,4.9,30,59.9,0,1,1
617,102,drugs_alcohol,493,cvd_ihd,428293,9023,0,continuous,gday,-0.223143551,0.113848751,0,0,11.42857143,24.17000001,0,1,1
618,102,drugs_alcohol,493,cvd_ihd,428293,9023,0,continuous,gday,-0.342490309,0.161664225,0,0,24.17000001,36.25500001,0,1,1
619,102,drugs_alcohol,493,cvd_ihd,438104,9023,0,continuous,gday,-0.210721031,0.19902004,0,1.3,5.5,15.1,0,1,1
620,102,drugs_alcohol,493,cvd_ihd,428293,9023,0,continuous,gday,-0.314710745,0.073388284,0,0,0,10,0,1,1
621,102,drugs_alcohol,493,cvd_ihd,438136,9023,0,continuous,gday,-0.274436846,0.089789904,0,1.285714286,1.285714286,19.28571429,0,1,1
622,102,drugs_alcohol,493,cvd_ihd,438136,9023,0,continuous,gday,-0.248461359,0.094109059,0,1.285714286,20.57142858,54.00000001,0,1,1
623,102,drugs_alcohol,493,cvd_ihd,428498,9023,0,continuous,gday,0.104360015,0.066727278,0,20.00000002,20.00000002,39.8571429,0,1,1
624,102,drugs_alcohol,493,cvd_ihd,428498,9023,0,continuous,gday,0.173953307,0.085112085,0,20.00000002,40.00000004,59.85714292,0,1,1
625,102,drugs_alcohol,493,cvd_ihd,428498,9023,0,continuous,gday,0.131028262,0.093393886,0,20.00000002,60.00000006,90.00000009,0,1,1
626,102,drugs_alcohol,493,cvd_ihd,428498,9023,0,continuous,gday,0.173953307,0.202582423,0,10.00000001,10.00000001,15.00000002,0,1,1
627,102,drugs_alcohol,493,cvd_ihd,428498,9023,0,continuous,gday,0.029558802,0.029754312,0,20.00000002,20.00000002,39.8571429,0,1,1
628,102,drugs_alcohol,493,cvd_ihd,432749,9023,0,continuous,gday,-0.544727175,0.121281555,0,0,36,48,0,1,1
629,102,drugs_alcohol,493,cvd_ihd,309692,9023,0,continuous,gday,-0.430782916,0.089126439,0,1.571428571,8,14.85714286,0,1,1
630,102,drugs_alcohol,493,cvd_ihd,438157,9023,0,continuous,gday,-0.328504067,0.211550856,0,0,50,75,0,1,1
631,102,drugs_alcohol,493,cvd_ihd,438157,9023,0,continuous,gday,-0.328504067,0.211550856,0,0,75,112.5,0,1,1
632,102,drugs_alcohol,493,cvd_ihd,438157,9023,0,continuous,gday,0.09531018,0.170524124,0,0,0,25,0,1,1
633,102,drugs_alcohol,493,cvd_ihd,432797,9023,0,continuous,gday,-0.274436846,0.106163367,0,0,20.01,40,0,1,1
634,102,drugs_alcohol,493,cvd_ihd,432797,9023,0,continuous,gday,-0.15082289,0.10952362,0,0,40,60,0,1,1
635,102,drugs_alcohol,493,cvd_ihd,436412,9023,0,continuous,gday,-0.094310679,0.056293715,0,1.714285714,1.714285714,10.28571428,0,1,1
636,102,drugs_alcohol,493,cvd_ihd,436412,9023,0,continuous,gday,-0.186329578,0.061770421,0,1.714285714,12,24,0,1,1
637,102,drugs_alcohol,493,cvd_ihd,436412,9023,0,continuous,gday,-0.198450939,0.080574732,0,1.714285714,25.71428571,35.99999999,0,1,1
638,102,drugs_alcohol,493,cvd_ihd,436412,9023,0,continuous,gday,-0.235722334,0.117866189,0,1.714285714,37.71428571,47.99999999,0,1,1
639,102,drugs_alcohol,493,cvd_ihd,436412,9023,0,continuous,gday,-0.174353387,0.110829756,0,1.714285714,47.99999999,71.99999999,0,1,1
640,102,drugs_alcohol,493,cvd_ihd,436412,9023,0,continuous,gday,-0.186329578,0.058299592,0,1.714285714,1.714285714,10.28571428,0,1,1
641,102,drugs_alcohol,493,cvd_ihd,437447,9023,0,continuous,gday,0.576613364,0.132570214,0,1.428571429,11,20.42857142,0,1,1
642,102,drugs_alcohol,493,cvd_ihd,309731,9023,0,continuous,gday,0.31481074,0.611707978,0,1.285714286,54.00000001,81.00000002,1,1,1
643,102,drugs_alcohol,493,cvd_ihd,309731,9023,0,continuous,gday,-0.15082289,0.410570896,0,1.285714286,1.285714286,19.28571429,1,1,1
644,102,drugs_alcohol,493,cvd_ihd,436412,9023,0,continuous,gday,0.198450939,0.089505351,0,0,0,1.714285714,0,1,1
645,102,drugs_alcohol,493,cvd_ihd,431103,9023,0,continuous,gday,-0.385662481,0.095864628,0.1,4.9,60,90,0,1,1
646,102,drugs_alcohol,493,cvd_ihd,438221,9023,0,continuous,gday,0.019802627,0.221069149,0,0.333333333,0.44,12.76,0,1,1
647,102,drugs_alcohol,493,cvd_ihd,437516,9023,0,continuous,gday,-0.792992516,0.35652906,0,0,0.1,30,0,1,1
648,102,drugs_alcohol,493,cvd_ihd,437516,9023,0,continuous,gday,-0.262364264,0.280258237,0,0,0.1,30,0,1,1
649,102,drugs_alcohol,493,cvd_ihd,437929,9023,0,continuous,gday,-0.570979547,0.180937899,0,0,1.142857143,6.857142858,0,1,1
650,102,drugs_alcohol,493,cvd_ihd,357429,9023,0,continuous,gday,-0.733969175,0.221958645,0,0,0.1,15,0,1,1
651,102,drugs_alcohol,493,cvd_ihd,428293,9023,0,continuous,gday,-0.314710745,0.073388284,0,0,0,10,0,1,1
652,102,drugs_alcohol,493,cvd_ihd,428293,9023,0,continuous,gday,-0.223143551,0.113848751,0,0,11.42857143,24.17000001,0,1,1
653,102,drugs_alcohol,493,cvd_ihd,428293,9023,0,continuous,gday,-0.342490309,0.161664225,0,0,24.17000001,36.25500001,0,1,1
654,102,drugs_alcohol,493,cvd_ihd,431103,9023,0,continuous,gday,-0.165514438,0.06030326,0,0.1,0.1,4.9,0,1,1
655,102,drugs_alcohol,493,cvd_ihd,431103,9023,0,continuous,gday,-0.328504067,0.063223511,0.1,4.9,30,59.9,0,1,1
656,102,drugs_alcohol,493,cvd_ihd,431103,9023,0,continuous,gday,-0.385662481,0.092772444,0.1,4.9,60,90,0,1,1
657,102,drugs_alcohol,493,cvd_ihd,431103,9023,0,continuous,gday,-0.122217633,0.056418722,0,0.1,0.1,4.9,0,1,1
658,102,drugs_alcohol,493,cvd_ihd,428293,9023,0,continuous,gday,-0.223143551,0.113848751,0,0,11.42857143,24.17000001,0,1,1
659,102,drugs_alcohol,493,cvd_ihd,431103,9023,0,continuous,gday,-0.385662481,0.092772444,0.1,4.9,60,90,0,1,1
660,102,drugs_alcohol,493,cvd_ihd,309725,9023,0,continuous,gday,-0.274436846,0.186272564,0,0,11.42857143,20.00000001,0,1,1
661,102,drugs_alcohol,493,cvd_ihd,428293,9023,0,continuous,gday,-0.223143551,0.113848751,0,0,11.42857143,24.17000001,0,1,1
662,102,drugs_alcohol,493,cvd_ihd,439946,9023,0,continuous,gday,-0.051293294,0.157918165,0,2.000385154,2.000385154,14.00269608,0,1,1
663,102,drugs_alcohol,493,cvd_ihd,439946,9023,0,continuous,gday,-0.051293294,0.157918165,0,2.000385154,2.000385154,14.00269608,0,1,1
664,102,drugs_alcohol,493,cvd_ihd,437404,9023,0,continuous,gday,-0.371063681,0.161038719,0,0,0,20,0,1,1
665,102,drugs_alcohol,493,cvd_ihd,437404,9023,0,continuous,gday,-0.494296322,0.194423483,0,0,20,40,0,1,1
666,102,drugs_alcohol,493,cvd_ihd,431103,9023,0,continuous,gday,-0.198450939,0.046510601,0.1,4.9,5,14.9,0,1,1
667,102,drugs_alcohol,493,cvd_ihd,431103,9023,0,continuous,gday,-0.248461359,0.055462469,0.1,4.9,15,29.9,0,1,1
668,102,drugs_alcohol,493,cvd_ihd,431103,9023,0,continuous,gday,-0.210721031,0.050555339,0.1,4.9,5,14.9,0,1,1
669,102,drugs_alcohol,493,cvd_ihd,431103,9023,0,continuous,gday,-0.287682072,0.061520933,0.1,4.9,15,29.9,0,1,1
670,102,drugs_alcohol,493,cvd_ihd,437516,9023,0,continuous,gday,0.604315967,0.300482932,0.1,30,30.1,60,0,1,1
671,102,drugs_alcohol,493,cvd_ihd,431103,9023,0,continuous,gday,-0.210721031,0.050555339,0.1,4.9,5,14.9,0,1,1
672,102,drugs_alcohol,493,cvd_ihd,431103,9023,0,continuous,gday,-0.287682072,0.061520933,0.1,4.9,15,29.9,0,1,1
673,102,drugs_alcohol,493,cvd_ihd,428293,9023,0,continuous,gday,-0.314710745,0.073388284,0,0,0,10,0,1,1
674,102,drugs_alcohol,493,cvd_ihd,428293,9023,0,continuous,gday,-0.223143551,0.113848751,0,0,11.42857143,24.17000001,0,1,1
675,102,drugs_alcohol,493,cvd_ihd,428293,9023,0,continuous,gday,-0.342490309,0.161664225,0,0,24.17000001,36.25500001,0,1,1
676,102,drugs_alcohol,493,cvd_ihd,437445,9023,0,continuous,gday,0,0.233747636,1,24,25,49,0,1,1
677,102,drugs_alcohol,493,cvd_ihd,437445,9023,0,continuous,gday,-0.105360516,0.130312659,1,24,50,74,0,1,1
678,102,drugs_alcohol,493,cvd_ihd,437445,9023,0,continuous,gday,-0.223143551,0.410570896,1,24,75,112.5,0,1,1
679,102,drugs_alcohol,493,cvd_ihd,437447,9023,0,continuous,gday,0.148420005,0.26743634,0,1.428571429,1.571428571,9.428571426,0,1,1
680,102,drugs_alcohol,493,cvd_ihd,437800,9023,0,continuous,gday,-0.020202707,0.353646521,0,0,36,54,0,1,1
681,102,drugs_alcohol,493,cvd_ihd,432572,9023,0,continuous,gday,-0.15082289,0.143319178,0,3.057255311,3.080593138,17.87677533,0,1,1
682,102,drugs_alcohol,493,cvd_ihd,437687,9023,0,continuous,gday,-0.010050336,0.287739771,0,0,0.1,4.9,0,1,1
683,102,drugs_alcohol,493,cvd_ihd,428293,9023,0,continuous,gday,-0.223143551,0.113848751,0,0,11.42857143,24.17000001,0,1,1
684,102,drugs_alcohol,493,cvd_ihd,437516,9023,0,continuous,gday,0.802001585,0.237366165,0.1,30,60,90,0,1,1
685,102,drugs_alcohol,493,cvd_ihd,437929,9023,0,continuous,gday,-0.040821995,0.184326802,1.142857143,6.857142858,12.57142857,22.85714286,0,1,1
686,102,drugs_alcohol,493,cvd_ihd,431103,9023,0,continuous,gday,-0.248461359,0.055462469,0.1,4.9,15,29.9,0,1,1
687,102,drugs_alcohol,493,cvd_ihd,431103,9023,0,continuous,gday,-0.328504067,0.063223511,0.1,4.9,30,59.9,0,1,1
688,102,drugs_alcohol,493,cvd_ihd,437929,9023,0,continuous,gday,-0.058268908,0.130934102,0,0,1.142857143,6.857142858,0,1,1
689,102,drugs_alcohol,493,cvd_ihd,357429,9023,0,continuous,gday,-0.314710745,0.258061457,0,0,15.1,30,0,1,1
690,102,drugs_alcohol,493,cvd_ihd,357429,9023,0,continuous,gday,-0.020202707,0.400157122,0,0,30,45,0,1,1
691,102,drugs_alcohol,493,cvd_ihd,309734,9023,0,continuous,gday,0.113328685,0.133261849,0,0,60.00000006,99.85714296,1,1,1
692,102,drugs_alcohol,493,cvd_ihd,428293,9023,0,continuous,gday,-0.342490309,0.161664225,0,0,24.17000001,36.25500001,0,1,1
693,102,drugs_alcohol,493,cvd_ihd,309731,9023,0,continuous,gday,-0.342490309,0.47446359,0,1.285714286,20.57142858,54.00000001,1,1,1
694,102,drugs_alcohol,493,cvd_ihd,428293,9023,0,continuous,gday,-0.342490309,0.161664225,0,0,24.17000001,36.25500001,0,1,1
695,102,drugs_alcohol,493,cvd_ihd,437687,9023,0,continuous,gday,-0.494296322,0.297190652,0,0,5,14.9,0,1,1
696,102,drugs_alcohol,493,cvd_ihd,437687,9023,0,continuous,gday,-0.967584026,0.419419253,0,0,15,29.9,0,1,1
697,102,drugs_alcohol,493,cvd_ihd,431103,9023,0,continuous,gday,-0.248461359,0.055462469,0.1,4.9,15,29.9,0,1,1
698,102,drugs_alcohol,493,cvd_ihd,429454,9023,0,continuous,gday,-0.673344553,0.248145929,0,0,30,49.9,1,1,1
699,102,drugs_alcohol,493,cvd_ihd,429454,9023,0,continuous,gday,-0.891598119,0.413389732,0,0,50,75,1,1,1
700,102,drugs_alcohol,493,cvd_ihd,432406,9023,0,continuous,gday,0.262364264,0.306416308,0,2.857142858,4.285714287,20.00000001,0,1,1
701,102,drugs_alcohol,493,cvd_ihd,432406,9023,0,continuous,gday,0.732367894,0.457581208,0,2.857142858,20.00000001,30.00000001,0,1,1
702,102,drugs_alcohol,493,cvd_ihd,432406,9023,0,continuous,gday,0.104360015,0.141017812,0,4.285714287,5.714285716,30.00000001,0,1,1
703,102,drugs_alcohol,493,cvd_ihd,428293,9023,0,continuous,gday,-0.314710745,0.073388284,0,0,0,10,0,1,1
704,102,drugs_alcohol,493,cvd_ihd,428293,9023,0,continuous,gday,-0.223143551,0.113848751,0,0,11.42857143,24.17000001,0,1,1
705,102,drugs_alcohol,493,cvd_ihd,431103,9023,0,continuous,gday,-0.122217633,0.056418722,0,0.1,0.1,4.9,0,1,1
706,102,drugs_alcohol,493,cvd_ihd,431103,9023,0,continuous,gday,-0.385662481,0.095864628,0.1,4.9,60,90,0,1,1
707,102,drugs_alcohol,493,cvd_ihd,438157,9023,0,continuous,gday,0.09531018,0.170524124,0,0,0,25,0,1,1
708,102,drugs_alcohol,493,cvd_ihd,428293,9023,0,continuous,gday,-0.314710745,0.073388284,0,0,0,10,0,1,1
709,102,drugs_alcohol,493,cvd_ihd,436412,9023,0,continuous,gday,-1.108662625,0.376506765,0,1.714285714,25.71428571,35.99999999,0,1,1
710,102,drugs_alcohol,493,cvd_ihd,309728,9023,0,continuous,gday,0.165514438,0.378125644,0,0,6.6666666,9.9999999,1,1,1
711,102,drugs_alcohol,493,cvd_ihd,438157,9023,0,continuous,gday,-0.072570693,0.17682326,0,0,25,50,0,1,1
712,102,drugs_alcohol,493,cvd_ihd,428293,9023,0,continuous,gday,-0.314710745,0.073388284,0,0,0,10,0,1,1
713,102,drugs_alcohol,493,cvd_ihd,428293,9023,0,continuous,gday,-0.223143551,0.113848751,0,0,11.42857143,24.17000001,0,1,1
714,102,drugs_alcohol,493,cvd_ihd,428293,9023,0,continuous,gday,-0.342490309,0.161664225,0,0,24.17000001,36.25500001,0,1,1
715,102,drugs_alcohol,493,cvd_ihd,431103,9023,0,continuous,gday,-0.248461359,0.055462469,0.1,4.9,15,29.9,0,1,1
716,102,drugs_alcohol,493,cvd_ihd,437800,9023,0,continuous,gday,0.104360015,0.58666425,0,0,12,12,0,1,1
717,102,drugs_alcohol,493,cvd_ihd,432572,9023,0,continuous,gday,-0.430782916,0.13536435,0,0.373405229,9.125090279,13.68763542,0,1,1
718,102,drugs_alcohol,493,cvd_ihd,438104,9023,0,continuous,gday,-0.127833372,0.197242318,0,1.3,1.3,5.4,0,1,1
719,102,drugs_alcohol,493,cvd_ihd,432749,9023,0,continuous,gday,-0.478035801,0.10176217,0,0,24,36,0,1,1
720,102,drugs_alcohol,493,cvd_ihd,428293,9023,0,continuous,gday,-0.314710745,0.073388284,0,0,0,10,0,1,1
721,102,drugs_alcohol,493,cvd_ihd,438157,9023,0,continuous,gday,-0.072570693,0.17682326,0,0,25,50,0,1,1
722,102,drugs_alcohol,493,cvd_ihd,432797,9023,0,continuous,gday,-0.223143551,0.10732974,0,0,0.01,10,0,1,1
723,102,drugs_alcohol,493,cvd_ihd,431103,9023,0,continuous,gday,-0.198450939,0.046510601,0.1,4.9,5,14.9,0,1,1
724,102,drugs_alcohol,493,cvd_ihd,436412,9023,0,continuous,gday,0.030459207,0.070369289,0,0,0,1.714285714,0,1,1
725,102,drugs_alcohol,493,cvd_ihd,438221,9023,0,continuous,gday,-0.798507696,0.286716861,0,0.333333333,39.6,59.4,0,1,1
726,102,drugs_alcohol,493,cvd_ihd,428293,9023,0,continuous,gday,-0.314710745,0.073388284,0,0,0,10,0,1,1
727,102,drugs_alcohol,493,cvd_ihd,437929,9023,0,continuous,gday,0.451075619,0.226055534,1.142857143,6.857142858,24,36,0,1,1
728,102,drugs_alcohol,493,cvd_ihd,438055,9023,0,continuous,gday,-0.174353387,0.257606324,0,0,17.85714288,26.78571431,0,1,1
729,102,drugs_alcohol,493,cvd_ihd,428293,9023,0,continuous,gday,-0.314710745,0.073388284,0,0,0,10,0,1,1
730,102,drugs_alcohol,493,cvd_ihd,432749,9023,0,continuous,gday,-0.342490309,0.068192543,0,0,12,24,0,1,1
731,102,drugs_alcohol,493,cvd_ihd,309731,9023,0,continuous,gday,-0.15082289,0.410570896,0,1.285714286,1.285714286,19.28571429,1,1,1
732,102,drugs_alcohol,493,cvd_ihd,309734,9023,0,continuous,gday,0.157003749,0.095420641,0,0,40.00000004,59.85714292,1,1,1
733,102,drugs_alcohol,493,cvd_ihd,428293,9023,0,continuous,gday,-0.223143551,0.113848751,0,0,11.42857143,24.17000001,0,1,1
734,102,drugs_alcohol,493,cvd_ihd,436412,9023,0,continuous,gday,-0.527632742,0.119219518,0,1.714285714,12,24,0,1,1
735,102,drugs_alcohol,493,cvd_ihd,432797,9023,0,continuous,gday,0.019802627,0.095205165,0,0,10.01,30,0,1,1
736,102,drugs_alcohol,493,cvd_ihd,437427,9023,0,continuous,gday,0.2390169,0.230578625,1.714285716,11.85714287,12.00000001,23.85714288,0,1,1
737,102,drugs_alcohol,493,cvd_ihd,431103,9023,0,continuous,gday,-0.328504067,0.063223511,0.1,4.9,30,59.9,0,1,1
738,102,drugs_alcohol,493,cvd_ihd,438386,9023,0,continuous,gday,-0.755022584,0.364503565,0,25,25,37.5,0,1,1
739,102,drugs_alcohol,493,cvd_ihd,428293,9023,0,continuous,gday,-0.314710745,0.073388284,0,0,0,10,0,1,1
740,102,drugs_alcohol,493,cvd_ihd,438136,9023,0,continuous,gday,-0.029558802,0.143691862,0,0,0,1.285714286,0,1,1
741,102,drugs_alcohol,493,cvd_ihd,438136,9023,0,continuous,gday,-0.287682072,0.121515165,0,1.285714286,54,81,0,1,1
742,102,drugs_alcohol,493,cvd_ihd,432749,9023,0,continuous,gday,-0.261364764,0.066636607,0,0,6,12,0,1,1
743,102,drugs_alcohol,493,cvd_ihd,431103,9023,0,continuous,gday,-0.385662481,0.092772444,0.1,4.9,60,90,0,1,1
744,102,drugs_alcohol,493,cvd_ihd,428293,9023,0,continuous,gday,-0.223143551,0.113848751,0,0,11.42857143,24.17000001,0,1,1
745,102,drugs_alcohol,493,cvd_ihd,431103,9023,0,continuous,gday,-0.248461359,0.055462469,0.1,4.9,15,29.9,0,1,1
746,102,drugs_alcohol,493,cvd_ihd,431103,9023,0,continuous,gday,-0.328504067,0.063223511,0.1,4.9,30,59.9,0,1,1
747,102,drugs_alcohol,493,cvd_ihd,431103,9023,0,continuous,gday,-0.385662481,0.092772444,0.1,4.9,60,90,0,1,1
748,102,drugs_alcohol,493,cvd_ihd,438184,9023,0,continuous,gday,-0.030459207,0.212129975,0,0,0,2.920188,0,1,1
749,102,drugs_alcohol,493,cvd_ihd,428293,9023,0,continuous,gday,-0.342490309,0.161664225,0,0,24.17000001,36.25500001,0,1,1
750,102,drugs_alcohol,493,cvd_ihd,309728,9023,0,continuous,gday,0.246860078,0.351852126,0,0,0,6.6666666,1,1,1
751,102,drugs_alcohol,493,cvd_ihd,428293,9023,0,continuous,gday,-0.314710745,0.073388284,0,0,0,10,0,1,1
752,102,drugs_alcohol,493,cvd_ihd,428293,9023,0,continuous,gday,-0.223143551,0.113848751,0,0,11.42857143,24.17000001,0,1,1
753,102,drugs_alcohol,493,cvd_ihd,428293,9023,0,continuous,gday,-0.342490309,0.161664225,0,0,24.17000001,36.25500001,0,1,1
754,102,drugs_alcohol,493,cvd_ihd,309731,9023,0,continuous,gday,-0.15082289,0.410570896,0,1.285714286,1.285714286,19.28571429,1,1,1
755,102,drugs_alcohol,493,cvd_ihd,431103,9023,0,continuous,gday,-0.328504067,0.063223511,0.1,4.9,30,59.9,0,1,1
756,102,drugs_alcohol,493,cvd_ihd,309734,9023,0,continuous,gday,-0.010050336,0.102383008,0,0,0,20.00000002,1,1,1
757,102,drugs_alcohol,493,cvd_ihd,431103,9023,0,continuous,gday,-0.198450939,0.046510601,0.1,4.9,5,14.9,0,1,1
758,102,drugs_alcohol,493,cvd_ihd,437800,9023,0,continuous,gday,-0.274436846,0.524495221,0,0,24,24,0,1,1
759,102,drugs_alcohol,493,cvd_ihd,450626,9023,0,continuous,gday,-0.46203546,0.372095669,0,0,40,79.9,0,1,1
760,102,drugs_alcohol,493,cvd_ihd,428293,9023,0,continuous,gday,-0.342490309,0.161664225,0,0,24.17000001,36.25500001,0,1,1
761,102,drugs_alcohol,493,cvd_ihd,428293,9023,0,continuous,gday,-0.314710745,0.073388284,0,0,0,10,0,1,1
762,102,drugs_alcohol,493,cvd_ihd,309728,9023,0,continuous,gday,0.246860078,0.369738476,0,0,0,6.6666666,1,1,1
763,102,drugs_alcohol,493,cvd_ihd,437516,9023,0,continuous,gday,0.207014169,0.194423483,0.1,30,30.1,60,0,1,1
764,102,drugs_alcohol,493,cvd_ihd,431103,9023,0,continuous,gday,-0.165514438,0.06030326,0,0.1,0.1,4.9,0,1,1
765,102,drugs_alcohol,493,cvd_ihd,438221,9023,0,continuous,gday,-0.673344553,0.240046772,0,0.333333333,13.2,39.6,0,1,1
766,102,drugs_alcohol,493,cvd_ihd,428293,9023,0,continuous,gday,-0.223143551,0.113848751,0,0,11.42857143,24.17000001,0,1,1
767,102,drugs_alcohol,493,cvd_ihd,428293,9023,0,continuous,gday,-0.223143551,0.113848751,0,0,11.42857143,24.17000001,0,1,1
768,102,drugs_alcohol,493,cvd_ihd,439946,9023,0,continuous,gday,0.336472237,0.224795768,0,2.000385154,14.00269608,21.00404412,0,1,1
769,102,drugs_alcohol,493,cvd_ihd,309731,9023,0,continuous,gday,0.31481074,0.611707978,0,1.285714286,54.00000001,81.00000002,1,1,1
770,102,drugs_alcohol,493,cvd_ihd,309734,9023,0,continuous,gday,-0.094310679,0.100010737,0,0,20.00000002,39.8571429,1,1,1
771,102,drugs_alcohol,493,cvd_ihd,428293,9023,0,continuous,gday,-0.223143551,0.113848751,0,0,11.42857143,24.17000001,0,1,1
772,102,drugs_alcohol,493,cvd_ihd,450626,9023,0,continuous,gday,-0.733969175,0.420108532,0,0,20,39.9,0,1,1
773,102,drugs_alcohol,493,cvd_ihd,438136,9023,0,continuous,gday,-0.029558802,0.143691862,0,0,0,1.285714286,0,1,1
774,102,drugs_alcohol,493,cvd_ihd,437427,9023,0,continuous,gday,0.122217633,0.211736317,1.714285716,11.85714287,12.00000001,23.85714288,0,1,1
775,102,drugs_alcohol,493,cvd_ihd,439948,9023,0,continuous,gday,-0.510825624,0.119898885,0,0,30,50,0,1,1
776,102,drugs_alcohol,493,cvd_ihd,437427,9023,0,continuous,gday,0.536493371,0.259632702,1.714285716,11.85714287,24.00000002,36.00000004,0,1,1
777,102,drugs_alcohol,493,cvd_ihd,431103,9023,0,continuous,gday,-0.122217633,0.056418722,0,0.1,0.1,4.9,0,1,1
778,102,drugs_alcohol,493,cvd_ihd,309729,9023,0,continuous,gday,-0.223143551,0.130312659,0,0,0,24,0,1,1
779,102,drugs_alcohol,493,cvd_ihd,428293,9023,0,continuous,gday,-0.342490309,0.161664225,0,0,24.17000001,36.25500001,0,1,1
780,102,drugs_alcohol,493,cvd_ihd,439946,9023,0,continuous,gday,0.336472237,0.224795768,0,2.000385154,14.00269608,21.00404412,0,1,1
781,102,drugs_alcohol,493,cvd_ihd,309731,9023,0,continuous,gday,-0.342490309,0.47446359,0,1.285714286,20.57142858,54.00000001,1,1,1
782,102,drugs_alcohol,493,cvd_ihd,431103,9023,0,continuous,gday,-0.165514438,0.06030326,0,0.1,0.1,4.9,0,1,1
783,102,drugs_alcohol,493,cvd_ihd,428293,9023,0,continuous,gday,-0.314710745,0.073388284,0,0,0,10,0,1,1
784,102,drugs_alcohol,493,cvd_ihd,437445,9023,0,continuous,gday,-0.105360516,0.514005873,1,24,50,74,0,1,1
785,102,drugs_alcohol,493,cvd_ihd,437445,9023,0,continuous,gday,0.693147181,0.337182612,1,24,25,49,0,1,1
786,102,drugs_alcohol,493,cvd_ihd,439948,9023,0,continuous,gday,-0.105360516,0.056924375,0,0,0,0.164383562,0,1,1
787,102,drugs_alcohol,493,cvd_ihd,437404,9023,0,continuous,gday,-0.616186139,0.236731319,0,0,40,60,0,1,1
788,102,drugs_alcohol,493,cvd_ihd,431103,9023,0,continuous,gday,-0.342490309,0.068192543,0.1,4.9,30,59.9,0,1,1
789,102,drugs_alcohol,493,cvd_ihd,431103,9023,0,continuous,gday,-0.385662481,0.095864628,0.1,4.9,60,90,0,1,1
790,102,drugs_alcohol,493,cvd_ihd,309728,9023,0,continuous,gday,0.662687973,0.334235772,0,0,6.6666666,9.9999999,1,1,1
791,102,drugs_alcohol,493,cvd_ihd,437427,9023,0,continuous,gday,-0.009950331,0.185775128,0,1.714285716,1.714285716,11.85714287,0,1,1
792,102,drugs_alcohol,493,cvd_ihd,309729,9023,0,continuous,gday,0.182321557,0.331449741,0,0,48,72,0,1,1
793,102,drugs_alcohol,493,cvd_ihd,438157,9023,0,continuous,gday,-0.328504067,0.211550856,0,0,75,112.5,0,1,1
794,102,drugs_alcohol,493,cvd_ihd,428293,9023,0,continuous,gday,-0.342490309,0.161664225,0,0,24.17000001,36.25500001,0,1,1
795,102,drugs_alcohol,493,cvd_ihd,431103,9023,0,continuous,gday,-0.198450939,0.046510601,0.1,4.9,5,14.9,0,1,1
796,102,drugs_alcohol,493,cvd_ihd,437445,9023,0,continuous,gday,0.693147181,0.48395918,1,24,75,112.5,0,1,1
797,102,drugs_alcohol,493,cvd_ihd,437567,9023,0,continuous,gday,-0.579818495,0.712924662,0,0,30,45,1,1,1
798,102,drugs_alcohol,493,cvd_ihd,450626,9023,0,continuous,gday,-0.616186139,0.410570896,0,0,0.1,1.99,0,1,1
799,102,drugs_alcohol,493,cvd_ihd,438184,9023,0,continuous,gday,-0.597837001,0.274887469,0,0,18.862836,28.294254,0,1,1
800,102,drugs_alcohol,493,cvd_ihd,438136,9023,0,continuous,gday,-0.274436846,0.089789904,0,1.285714286,1.285714286,19.28571429,0,1,1
801,102,drugs_alcohol,493,cvd_ihd,437427,9023,0,continuous,gday,0.182321557,0.290071064,1.714285716,11.85714287,24.00000002,36.00000004,0,1,1
802,102,drugs_alcohol,493,cvd_ihd,438184,9023,0,continuous,gday,-0.579818495,0.267037556,0,0,2.999112,18.783912,0,1,1
803,102,drugs_alcohol,493,cvd_ihd,431103,9023,0,continuous,gday,-0.385662481,0.095864628,0.1,4.9,60,90,0,1,1
804,102,drugs_alcohol,493,cvd_ihd,431103,9023,0,continuous,gday,-0.342490309,0.068192543,0.1,4.9,30,59.9,0,1,1
805,102,drugs_alcohol,493,cvd_ihd,431103,9023,0,continuous,gday,-0.210721031,0.050555339,0.1,4.9,5,14.9,0,1,1
806,102,drugs_alcohol,493,cvd_ihd,431103,9023,0,continuous,gday,-0.287682072,0.061520933,0.1,4.9,15,29.9,0,1,1
807,102,drugs_alcohol,493,cvd_ihd,439948,9023,0,continuous,gday,-0.510825624,0.085834754,0,0,10,20,0,1,1
808,102,drugs_alcohol,493,cvd_ihd,431103,9023,0,continuous,gday,-0.122217633,0.056418722,0,0.1,0.1,4.9,0,1,1
809,102,drugs_alcohol,493,cvd_ihd,431103,9023,0,continuous,gday,-0.287682072,0.061520933,0.1,4.9,15,29.9,0,1,1
810,102,drugs_alcohol,493,cvd_ihd,450626,9023,0,continuous,gday,-0.733969175,0.500423088,0,0,80,120,0,1,1
811,102,drugs_alcohol,493,cvd_ihd,438157,9023,0,continuous,gday,-0.328504067,0.211550856,0,0,50,75,0,1,1
812,102,drugs_alcohol,493,cvd_ihd,431103,9023,0,continuous,gday,-0.385662481,0.095864628,0.1,4.9,60,90,0,1,1
813,102,drugs_alcohol,493,cvd_ihd,431103,9023,0,continuous,gday,-0.385662481,0.095864628,0.1,4.9,60,90,0,1,1
814,102,drugs_alcohol,493,cvd_ihd,439948,9023,0,continuous,gday,-0.356674944,0.073388284,0,0,0,5,0,1,1
815,102,drugs_alcohol,493,cvd_ihd,431103,9023,0,continuous,gday,-0.210721031,0.050555339,0.1,4.9,5,14.9,0,1,1
816,102,drugs_alcohol,493,cvd_ihd,428293,9023,0,continuous,gday,-0.342490309,0.161664225,0,0,24.17000001,36.25500001,0,1,1
817,102,drugs_alcohol,493,cvd_ihd,431103,9023,0,continuous,gday,-0.342490309,0.068192543,0.1,4.9,30,59.9,0,1,1
818,102,drugs_alcohol,493,cvd_ihd,437427,9023,0,continuous,gday,-0.2390169,0.183969443,0,1.714285716,1.714285716,11.85714287,0,1,1
819,102,drugs_alcohol,493,cvd_ihd,438136,9023,0,continuous,gday,-0.248461359,0.094109059,0,1.285714286,20.57142858,54.00000001,0,1,1
820,102,drugs_alcohol,493,cvd_ihd,431103,9023,0,continuous,gday,-0.165514438,0.06030326,0,0.1,0.1,4.9,0,1,1
821,102,drugs_alcohol,493,cvd_ihd,431103,9023,0,continuous,gday,-0.210721031,0.050555339,0.1,4.9,5,14.9,0,1,1
822,102,drugs_alcohol,493,cvd_ihd,431103,9023,0,continuous,gday,-0.165514438,0.06030326,0,0.1,0.1,4.9,0,1,1
823,102,drugs_alcohol,493,cvd_ihd,428293,9023,0,continuous,gday,-0.223143551,0.113848751,0,0,11.42857143,24.17000001,0,1,1
824,102,drugs_alcohol,493,cvd_ihd,431103,9023,0,continuous,gday,-0.287682072,0.061520933,0.1,4.9,15,29.9,0,1,1
825,102,drugs_alcohol,493,cvd_ihd,431103,9023,0,continuous,gday,-0.342490309,0.068192543,0.1,4.9,30,59.9,0,1,1
826,102,drugs_alcohol,493,cvd_ihd,437567,9023,0,continuous,gday,0,0.311352578,0,0,0,30,1,1,1
827,102,drugs_alcohol,493,cvd_ihd,439948,9023,0,continuous,gday,-0.693147181,0.250211544,0,0,60,90,0,1,1
828,102,drugs_alcohol,493,cvd_ihd,526245,9023,0,continuous,gday,-0.616186139,0.255944416,0,0,0,1.9,1,0,1
829,102,drugs_alcohol,493,cvd_ihd,526245,9023,0,continuous,gday,-0.820980552,0.330439434,0,0,2,13,1,0,1
830,102,drugs_alcohol,493,cvd_ihd,526245,9023,0,continuous,gday,-1.560647748,0.427034804,0,0,14,21,1,0,1
831,102,drugs_alcohol,493,cvd_ihd,499666,9023,0,continuous,gday,0.029558802,0.01982372,1,29.9,30,45,0,0,1
832,102,drugs_alcohol,493,cvd_ihd,526251,9023,0,continuous,gday,-0.210721031,0.075203964,0,0,1.142857143,8,0,0,0
833,102,drugs_alcohol,493,cvd_ihd,526251,9023,0,continuous,gday,-0.174353387,0.10838857,0,0,9.142857143,16,0,0,0
834,102,drugs_alcohol,493,cvd_ihd,526251,9023,0,continuous,gday,-0.673344553,0.190999243,0,0,17.14285714,24,0,0,0
835,102,drugs_alcohol,493,cvd_ihd,526251,9023,0,continuous,gday,-0.527632742,0.17682326,0,0,25.14285714,37.71428571,0,0,0
836,102,drugs_alcohol,493,cvd_ihd,526253,9023,0,continuous,gday,-0.248461359,0.006541436,0,0,0.142857143,14.85714286,1,0,0
837,102,drugs_alcohol,493,cvd_ihd,526253,9023,0,continuous,gday,-0.342490309,0.010705153,0,0,15,29.85714286,1,0,0
838,102,drugs_alcohol,493,cvd_ihd,526253,9023,0,continuous,gday,-0.301105093,0.013792658,0,0,30,45,1,0,0
839,102,drugs_alcohol,493,cvd_ihd,526255,9023,0,continuous,gday,-0.261364764,0.134600189,0,0,1,25,0,0,1
840,102,drugs_alcohol,493,cvd_ihd,526255,9023,0,continuous,gday,-0.478035801,0.165225716,0,0,26,60,0,0,1
841,102,drugs_alcohol,493,cvd_ihd,526255,9023,0,continuous,gday,0.039220713,0.163030602,0,0,61,91.5,0,0,1
842,102,drugs_alcohol,493,cvd_ihd,526259,9023,0,continuous,gday,-0.342490309,0.148873719,0,0,1,22,1,0,0
843,102,drugs_alcohol,493,cvd_ihd,526259,9023,0,continuous,gday,-0.301105093,0.130312659,0,0,23,45,1,0,0
844,102,drugs_alcohol,493,cvd_ihd,526259,9023,0,continuous,gday,-0.186329578,0.137499107,0,0,46,68,1,0,0
845,102,drugs_alcohol,493,cvd_ihd,526259,9023,0,continuous,gday,0.19062036,0.163432908,0,0,69,103.5,1,0,0
846,102,drugs_alcohol,493,cvd_ihd,526263,9023,0,continuous,gday,-0.072570693,0.052018416,0,0,1,29,0,0,0
847,102,drugs_alcohol,493,cvd_ihd,526263,9023,0,continuous,gday,0.343589704,0.133568336,0,0,30,45,0,0,0
848,102,drugs_alcohol,493,cvd_ihd,501442,9023,0,continuous,gday,-0.15082289,0.147274328,0,0,1.714285714,24,0,0,0
849,102,drugs_alcohol,493,cvd_ihd,501442,9023,0,continuous,gday,-0.010050336,0.117057624,0,0,25.71428571,38.57142857,0,0,0
850,102,drugs_alcohol,493,cvd_ihd,526702,9023,0,continuous,gday,-0.328504067,0.146776568,0,0,0.1,4.9,1,0,0
851,102,drugs_alcohol,493,cvd_ihd,526702,9023,0,continuous,gday,-0.798507696,0.217400989,0,0,5,7.5,1,0,0
852,102,drugs_alcohol,493,cvd_ihd,309680,9023,0,continuous,gday,-0.174353387,0.072513147,0,0,1,1.5,1,0,0
853,102,drugs_alcohol,493,cvd_ihd,309680,9023,0,continuous,gday,-0.139262067,0.078439974,0,0,1,1.4,1,0,0
854,102,drugs_alcohol,493,cvd_ihd,309680,9023,0,continuous,gday,-0.127833372,0.135588222,0,0,1.5,4.9,1,0,0
855,102,drugs_alcohol,493,cvd_ihd,309680,9023,0,continuous,gday,-0.46203546,0.254373171,0,0,5,12.4,1,0,0
856,102,drugs_alcohol,493,cvd_ihd,309680,9023,0,continuous,gday,-0.478035801,0.211663958,0,0,12.5,24.9,1,0,0
857,102,drugs_alcohol,493,cvd_ihd,309680,9023,0,continuous,gday,-0.342490309,0.220078185,0,0,25,37.5,1,0,0
858,102,drugs_alcohol,493,cvd_ihd,428981,9023,0,continuous,gday,-0.544727175,0.333758372,0,0,1,22.4,0,0,0
859,102,drugs_alcohol,493,cvd_ihd,428981,9023,0,continuous,gday,-0.46203546,0.427034804,0,0,23.52,44.8,0,0,0
860,102,drugs_alcohol,493,cvd_ihd,428981,9023,0,continuous,gday,-0.094310679,0.475310825,0,0,44.8,67.2,0,0,0
861,102,drugs_alcohol,493,cvd_ihd,429283,9023,0,continuous,gday,-0.020202707,0.130983099,0,0,0.142857143,0.7,1,0,0
862,102,drugs_alcohol,493,cvd_ihd,429283,9023,0,continuous,gday,-0.287682072,0.138243931,0,0,0.714285714,4.271428571,1,0,0
863,102,drugs_alcohol,493,cvd_ihd,429283,9023,0,continuous,gday,-0.083381609,0.153258638,0,0,4.285714286,9.985714286,1,0,0
864,102,drugs_alcohol,493,cvd_ihd,429283,9023,0,continuous,gday,-0.328504067,0.169356326,0,0,10,19.98571429,1,0,0
865,102,drugs_alcohol,493,cvd_ihd,429283,9023,0,continuous,gday,-0.430782916,0.171216396,0,0,20,30,1,0,0
866,102,drugs_alcohol,493,cvd_ihd,526741,9023,0,continuous,gday,-0.634878272,0.17682326,0,0,1,10,0,0,0
867,102,drugs_alcohol,493,cvd_ihd,526741,9023,0,continuous,gday,-0.84397007,0.222573497,0,0,10,20,0,0,0
868,102,drugs_alcohol,493,cvd_ihd,526741,9023,0,continuous,gday,-0.328504067,0.209221141,0,0,20,30,0,0,0
869,102,drugs_alcohol,493,cvd_ihd,429889,9023,0,continuous,gday,-0.287682072,0.167195626,0,0,1.714285714,2.571428571,1,0,1
870,102,drugs_alcohol,493,cvd_ihd,429889,9023,0,continuous,gday,0.048790164,0.188932071,0,0,18.85714286,36,1,0,1
871,102,drugs_alcohol,493,cvd_ihd,429889,9023,0,continuous,gday,-0.430782916,0.19902004,0,0,36,54,1,0,1
872,102,drugs_alcohol,493,cvd_ihd,429889,9023,0,continuous,gday,0.029558802,0.197802367,0,0,1.714285714,12,1,0,1
873,102,drugs_alcohol,493,cvd_ihd,429889,9023,0,continuous,gday,-0.162518929,0.325189254,0,0,12,18,1,0,1
874,102,drugs_alcohol,493,cvd_ihd,526745,9023,0,continuous,gday,-0.755022584,1.051465188,0,0,0,20,1,0,1
875,102,drugs_alcohol,493,cvd_ihd,526745,9023,0,continuous,gday,1.124929597,0.508577965,0,0,21,40,1,0,1
876,102,drugs_alcohol,493,cvd_ihd,526745,9023,0,continuous,gday,0.371563556,0.389463134,0,0,41,80,1,0,1
877,102,drugs_alcohol,493,cvd_ihd,526745,9023,0,continuous,gday,0.559615788,0.537685269,0,0,81,120,1,0,1
878,102,drugs_alcohol,493,cvd_ihd,526745,9023,0,continuous,gday,0.688134639,0.400401356,0,0,150,225,1,0,1
879,102,drugs_alcohol,493,cvd_ihd,309732,9023,0,continuous,gday,-1.078809661,0.357370704,0,0,1,19.9,1,0,0
880,102,drugs_alcohol,493,cvd_ihd,309732,9023,0,continuous,gday,-0.84397007,0.33250171,0,0,20,39.9,1,0,0
881,102,drugs_alcohol,493,cvd_ihd,309732,9023,0,continuous,gday,-0.356674944,0.284474896,0,0,40,79.9,1,0,0
882,102,drugs_alcohol,493,cvd_ihd,309732,9023,0,continuous,gday,-1.108662625,0.511155541,0,0,80,120,1,0,0
883,102,drugs_alcohol,493,cvd_ihd,309713,9023,0,continuous,gday,-0.020202707,0.080131462,0,0,1,4.9,1,0,0
884,102,drugs_alcohol,493,cvd_ihd,309713,9023,0,continuous,gday,-0.186329578,0.098383286,0,0,5,9.9,1,0,0
885,102,drugs_alcohol,493,cvd_ihd,309713,9023,0,continuous,gday,-0.371063681,0.101938773,0,0,10,14.9,1,0,0
886,102,drugs_alcohol,493,cvd_ihd,309713,9023,0,continuous,gday,-0.235722334,0.103434977,0,0,15,29.9,1,0,0
887,102,drugs_alcohol,493,cvd_ihd,309713,9023,0,continuous,gday,-0.446287103,0.114847194,0,0,30,49.9,1,0,0
888,102,drugs_alcohol,493,cvd_ihd,309713,9023,0,continuous,gday,-0.733969175,0.188162996,0,0,50,75,1,0,0
889,102,drugs_alcohol,493,cvd_ihd,309714,9023,0,continuous,gday,-0.105360516,0.467495271,0,0.64,0.65,5.77,1,0,1
890,102,drugs_alcohol,493,cvd_ihd,309714,9023,0,continuous,gday,-0.356674944,0.500576349,0,0.64,5.78,18.1,1,0,1
891,102,drugs_alcohol,493,cvd_ihd,309714,9023,0,continuous,gday,-1.203972804,0.566123338,0,0.64,18.2,27.3,1,0,1
892,102,drugs_alcohol,493,cvd_ihd,309714,9023,0,continuous,gday,0.157003749,0.497232562,0,0.64,0.65,2.92,1,0,1
893,102,drugs_alcohol,493,cvd_ihd,309714,9023,0,continuous,gday,0.524728529,0.479868109,0,0.64,2.93,9.15,1,0,1
894,102,drugs_alcohol,493,cvd_ihd,309714,9023,0,continuous,gday,-0.891598119,0.758484545,0,0.64,9.16,13.74,1,0,1
895,102,drugs_alcohol,493,cvd_ihd,526772,9023,0,continuous,gday,-0.010050336,0.138542471,0,0,1,21,1,0,0
896,102,drugs_alcohol,493,cvd_ihd,526772,9023,0,continuous,gday,-0.597837001,0.108694999,0,0,22,32,1,0,0
897,102,drugs_alcohol,493,cvd_ihd,526772,9023,0,continuous,gday,-0.653926467,0.101126345,0,0,33,54,1,0,0
898,102,drugs_alcohol,493,cvd_ihd,526772,9023,0,continuous,gday,-0.371063681,0.103434977,0,0,55,98,1,0,0
899,102,drugs_alcohol,493,cvd_ihd,526772,9023,0,continuous,gday,-0.162518929,0.242989712,0,0,99,131,1,0,0
900,102,drugs_alcohol,493,cvd_ihd,526772,9023,0,continuous,gday,0.076961041,0.143244576,0,0,132,198,1,0,0
901,102,drugs_alcohol,493,cvd_ihd,526772,9023,0,continuous,gday,0.500775288,0.31958239,0,0,1,21,1,0,0
902,102,drugs_alcohol,493,cvd_ihd,526772,9023,0,continuous,gday,-0.127833372,0.468948848,0,0,22,32,1,0,0
903,102,drugs_alcohol,493,cvd_ihd,526772,9023,0,continuous,gday,-0.261364764,0.261068589,0,0,33,54,1,0,0
904,102,drugs_alcohol,493,cvd_ihd,526772,9023,0,continuous,gday,-0.544727175,0.410570896,0,0,55,98,1,0,0
905,102,drugs_alcohol,493,cvd_ihd,526772,9023,0,continuous,gday,-0.371063681,0.239612309,0,0,99,131,1,0,0
906,102,drugs_alcohol,493,cvd_ihd,526772,9023,0,continuous,gday,0.048790164,0.280258237,0,0,132,198,1,0,0
907,102,drugs_alcohol,493,cvd_ihd,438140,9023,0,continuous,gday,-0.072570693,0.078908482,0,0,12,12,1,0,0
908,102,drugs_alcohol,493,cvd_ihd,438140,9023,0,continuous,gday,-0.261364764,0.085834754,0,0,12,24,1,0,0
909,102,drugs_alcohol,493,cvd_ihd,438140,9023,0,continuous,gday,-0.342490309,0.096124962,0,0,36,54,1,0,0
910,102,drugs_alcohol,493,cvd_ihd,438140,9023,0,continuous,gday,-0.186329578,0.085834754,0,0,12,12,1,0,0
911,102,drugs_alcohol,493,cvd_ihd,438140,9023,0,continuous,gday,-0.446287103,0.106684728,0,0,12,24,1,0,0
912,102,drugs_alcohol,493,cvd_ihd,438140,9023,0,continuous,gday,-0.510825624,0.179842255,0,0,36,54,1,0,0
913,102,drugs_alcohol,493,cvd_ihd,337996,9023,0,continuous,gday,-0.693147181,0.788531238,0,0,1.714285714,36,0,0,1
914,102,drugs_alcohol,493,cvd_ihd,337996,9023,0,continuous,gday,0.09531018,0.679231589,0,0,37.71428571,56.57142857,0,0,1
915,102,drugs_alcohol,493,cvd_ihd,337996,9023,0,continuous,gday,-0.223143551,0.280258237,0,0,1.714285714,36,0,0,1
916,102,drugs_alcohol,493,cvd_ihd,337996,9023,0,continuous,gday,-0.356674944,0.374065579,0,0,37.71428571,56.57142857,0,0,1
917,102,drugs_alcohol,493,cvd_ihd,337996,9023,0,continuous,gday,-0.916290732,0.410570896,0,0,1.714285714,36,0,0,1
918,102,drugs_alcohol,493,cvd_ihd,337996,9023,0,continuous,gday,-1.609437912,0.530469781,0,0,37.71428571,56.57142857,0,0,1
919,102,drugs_alcohol,493,cvd_ihd,298278,9023,0,continuous,gday,-0.198450939,0.170253746,0,0,1,1.4,1,0,0
920,102,drugs_alcohol,493,cvd_ihd,298278,9023,0,continuous,gday,-0.673344553,0.180341965,0,0,1.5,4.9,1,0,0
921,102,drugs_alcohol,493,cvd_ihd,298278,9023,0,continuous,gday,-0.446287103,0.168366065,0,0,5,14.9,1,0,0
922,102,drugs_alcohol,493,cvd_ihd,298278,9023,0,continuous,gday,-0.430782916,0.212734626,0,0,15,29.9,1,0,0
923,102,drugs_alcohol,493,cvd_ihd,298278,9023,0,continuous,gday,-0.527632742,0.265247905,0,0,30,45,1,0,0
924,102,drugs_alcohol,493,cvd_ihd,309670,9023,0,continuous,gday,-0.083381609,0.145386362,0,0,1,35.5,1,0,1
925,102,drugs_alcohol,493,cvd_ihd,309670,9023,0,continuous,gday,-0.415515444,0.198547191,0,0,35.6,53.4,1,0,1
926,102,drugs_alcohol,493,cvd_ihd,526797,9023,0,continuous,gday,-0.036663984,0.048738581,0,0,1,2.4,1,0,0
927,102,drugs_alcohol,493,cvd_ihd,526797,9023,0,continuous,gday,0.418710335,0.354462848,0,0,2.5,4.9,1,0,0
928,102,drugs_alcohol,493,cvd_ihd,526797,9023,0,continuous,gday,-0.494296322,0.27561989,0,0,5,14.9,1,0,0
929,102,drugs_alcohol,493,cvd_ihd,526797,9023,0,continuous,gday,-0.579818495,0.372320858,0,0,15,22.5,1,0,0
930,102,drugs_alcohol,493,cvd_ihd,526797,9023,0,continuous,gday,0.067658648,0.252545522,0,0,1,4.9,1,0,0
931,102,drugs_alcohol,493,cvd_ihd,526797,9023,0,continuous,gday,0.165514438,0.250211544,0,0,5,14.9,1,0,0
932,102,drugs_alcohol,493,cvd_ihd,526797,9023,0,continuous,gday,-0.248461359,0.323988407,0,0,15,24.9,1,0,0
933,102,drugs_alcohol,493,cvd_ihd,526797,9023,0,continuous,gday,-0.328504067,0.342789476,0,0,30,45,1,0,0
934,102,drugs_alcohol,493,cvd_ihd,526808,9023,0,continuous,gday,-0.634878272,0.316965936,0,0,1,11,0,0,0
935,102,drugs_alcohol,493,cvd_ihd,526808,9023,0,continuous,gday,1.00063188,0.34525118,0,0,12,24,0,0,0
936,102,drugs_alcohol,493,cvd_ihd,526808,9023,0,continuous,gday,1.693779061,0.767880483,0,0,25,37.5,0,0,0
937,102,drugs_alcohol,493,cvd_ihd,436512,9023,0,continuous,gday,-0.051293294,0.260087695,1.714285714,10.28571429,0,0,0,0,0
938,102,drugs_alcohol,493,cvd_ihd,436512,9023,0,continuous,gday,0.322083499,0.24719255,1.714285714,10.28571429,0,1.714285714,0,0,0
939,102,drugs_alcohol,493,cvd_ihd,436512,9023,0,continuous,gday,-0.010050336,0.215023614,1.714285714,10.28571429,12,24,0,0,0
940,102,drugs_alcohol,493,cvd_ihd,436512,9023,0,continuous,gday,0.139761942,0.211306622,1.714285714,10.28571429,25.71428571,58.28571429,0,0,0
941,102,drugs_alcohol,493,cvd_ihd,436512,9023,0,continuous,gday,0.604315967,0.317341362,1.714285714,10.28571429,60,90,0,0,0
942,102,drugs_alcohol,493,cvd_ihd,526875,9023,0,continuous,gday,-0.776528789,0.280258237,0,0,1.857142857,13,0,0,0
943,102,drugs_alcohol,493,cvd_ihd,526875,9023,0,continuous,gday,-0.755022584,0.348275753,0,0,14.85714286,26,0,0,0
944,102,drugs_alcohol,493,cvd_ihd,526875,9023,0,continuous,gday,-0.46203546,0.31958239,0,0,27.85714286,41.78571429,0,0,0
945,102,drugs_alcohol,493,cvd_ihd,526875,9023,0,continuous,gday,-0.198450939,0.271243092,0,0,1.857142857,3.714285714,0,0,0
946,102,drugs_alcohol,493,cvd_ihd,526875,9023,0,continuous,gday,-0.510825624,0.34099424,0,0,5.571428571,13,0,0,0
947,102,drugs_alcohol,493,cvd_ihd,526875,9023,0,continuous,gday,0.039220713,0.314322368,0,0,14.85714286,22.28571429,0,0,0
948,102,drugs_alcohol,493,cvd_ihd,526889,9023,0,continuous,gday,-0.235722334,0.13536435,0,0,0.28,5.6,1,0,0
949,102,drugs_alcohol,493,cvd_ihd,526889,9023,0,continuous,gday,-0.634878272,0.258061457,0,0,5.88,8.82,1,0,0
950,102,drugs_alcohol,493,cvd_ihd,526940,9023,0,continuous,gday,-0.040821995,0.360342497,1.714285714,10.28571429,1.714285714,1.714285714,1,1,0
951,102,drugs_alcohol,493,cvd_ihd,526940,9023,0,continuous,gday,-0.127833372,0.231918939,1.714285714,10.28571429,12,34.28571429,1,1,0
952,102,drugs_alcohol,493,cvd_ihd,526940,9023,0,continuous,gday,-0.030459207,0.252899683,1.714285714,10.28571429,36,54,1,1,0
953,102,drugs_alcohol,493,cvd_ihd,526942,9023,0,continuous,gday,-0.210721031,0.131953192,0,1.714285714,1.714285714,10.28571429,1,1,0
954,102,drugs_alcohol,493,cvd_ihd,526942,9023,0,continuous,gday,-0.400477567,0.179466828,0,1.714285714,12,22.28571429,1,1,0
955,102,drugs_alcohol,493,cvd_ihd,526942,9023,0,continuous,gday,-0.478035801,0.224884639,0,1.714285714,24,36,1,1,0
956,102,drugs_alcohol,493,cvd_ihd,526942,9023,0,continuous,gday,-0.127833372,0.165778157,0,1.714285714,1.714285714,10.28571429,1,1,0
957,102,drugs_alcohol,493,cvd_ihd,526942,9023,0,continuous,gday,-0.261364764,0.174450201,0,1.714285714,12,22.28571429,1,1,0
958,102,drugs_alcohol,493,cvd_ihd,526942,9023,0,continuous,gday,-0.274436846,0.193755676,0,1.714285714,24,34.28571429,1,1,0
959,102,drugs_alcohol,493,cvd_ihd,526942,9023,0,continuous,gday,-0.46203546,0.1797058,0,1.714285714,36,54,1,1,0
960,102,drugs_alcohol,493,cvd_ihd,526746,9023,0,continuous,gday,0.262364264,0.517384757,0,0,15,29.9,0,0,0
961,102,drugs_alcohol,493,cvd_ihd,526746,9023,0,continuous,gday,0.336472237,0.464071031,0,0,5,14.9,0,0,0
962,102,drugs_alcohol,493,cvd_ihd,526746,9023,0,continuous,gday,0.09531018,0.389300077,0,0,0.1,4.9,0,0,0
963,102,drugs_alcohol,493,cvd_ihd,526746,9023,0,continuous,gday,-0.916290732,0.383693213,0,0,15,29.9,0,0,0
964,102,drugs_alcohol,493,cvd_ihd,526746,9023,0,continuous,gday,-0.916290732,0.353646521,0,0,5,14.9,0,0,0
965,102,drugs_alcohol,493,cvd_ihd,526746,9023,0,continuous,gday,-0.223143551,0.262658015,0,0,5,14.9,0,0,0
966,102,drugs_alcohol,493,cvd_ihd,526746,9023,0,continuous,gday,-0.510825624,0.587394156,0,0,30,45,0,0,0
967,102,drugs_alcohol,493,cvd_ihd,526746,9023,0,continuous,gday,0.470003629,0.508273001,0,0,15,29.9,0,0,0
968,102,drugs_alcohol,493,cvd_ihd,526746,9023,0,continuous,gday,0.641853886,0.440617589,0,0,5,14.9,0,0,0
969,102,drugs_alcohol,493,cvd_ihd,526746,9023,0,continuous,gday,0.530628251,0.450934163,0,0,0.1,4.9,0,0,0
970,102,drugs_alcohol,493,cvd_ihd,526746,9023,0,continuous,gday,-0.223143551,0.353646521,0,0,30,45,0,0,0
971,102,drugs_alcohol,493,cvd_ihd,526746,9023,0,continuous,gday,-0.223143551,0.337182612,0,0,15,29.9,0,0,0
972,102,drugs_alcohol,493,cvd_ihd,526746,9023,0,continuous,gday,-0.105360516,0.296722145,0,0,5,14.9,0,0,0
973,102,drugs_alcohol,493,cvd_ihd,526746,9023,0,continuous,gday,-0.105360516,0.296722145,0,0,0.1,4.9,0,0,0
974,102,drugs_alcohol,493,cvd_ihd,526746,9023,0,continuous,gday,-0.105360516,0.296722145,0,0,0.1,4.9,0,0,0
975,102,drugs_alcohol,493,cvd_ihd,526200,9023,0,continuous,gday,-0.261364764,0.102081647,0,0,1.428571429,10,0,0,0
976,102,drugs_alcohol,493,cvd_ihd,526200,9023,0,continuous,gday,-0.430782916,0.201663608,0,0,10,30,0,0,0
977,102,drugs_alcohol,493,cvd_ihd,526200,9023,0,continuous,gday,-0.248461359,0.169896988,0,0,30,45,0,0,0
978,102,drugs_alcohol,493,cvd_ihd,522481,9023,0,continuous,gday,0.131028262,0.329120026,1.428571429,2.857142857,0,0,1,0,0
979,102,drugs_alcohol,493,cvd_ihd,522481,9023,0,continuous,gday,-0.072570693,0.198175051,1.428571429,2.857142857,1.428571429,21.42857143,1,0,0
980,102,drugs_alcohol,493,cvd_ihd,522481,9023,0,continuous,gday,0.246860078,0.219202564,1.428571429,2.857142857,22.85714286,34.28571429,1,0,0
981,102,drugs_alcohol,493,cvd_ihd,525579,9023,0,continuous,gday,-0.133531393,0.031929373,0,0,1.428571429,12,0,0,0
982,102,drugs_alcohol,493,cvd_ihd,525579,9023,0,continuous,gday,-0.022245609,0.025982979,0,0,12.14285714,22,0,0,0
983,102,drugs_alcohol,493,cvd_ihd,525579,9023,0,continuous,gday,0.034401427,0.030748487,0,0,22.14285714,35,0,0,0
984,102,drugs_alcohol,493,cvd_ihd,525579,9023,0,continuous,gday,0.11867153,0.038519248,0,0,35.14285714,52.71428571,0,0,0
985,102,drugs_alcohol,493,cvd_ihd,526261,9023,0,continuous,gday,0.21993842,0.207639492,0,0,4.285714286,6.428571429,0,0,0
986,102,drugs_alcohol,493,cvd_ihd,526261,9023,0,continuous,gday,0.142367241,0.114445688,0,0,1.428571429,4.285714286,0,0,0
987,102,drugs_alcohol,493,cvd_ihd,501454,9023,0,continuous,gday,-0.891598119,0.258987418,0,0,0,10,0,0,0
988,102,drugs_alcohol,493,cvd_ihd,501454,9023,0,continuous,gday,-0.94160854,0.347187896,0,0,10,20,0,0,0
989,102,drugs_alcohol,493,cvd_ihd,501454,9023,0,continuous,gday,-0.597837001,0.323324785,0,0,20,30,0,0,0
990,102,drugs_alcohol,493,cvd_ihd,526662,9023,0,continuous,gday,-0.314710745,0.203961118,0,0,1.428571429,20,1,0,0
991,102,drugs_alcohol,493,cvd_ihd,526662,9023,0,continuous,gday,-0.616186139,0.294050895,0,0,21.42857143,32.14285714,1,0,0
992,102,drugs_alcohol,493,cvd_ihd,526834,9023,0,continuous,gday,-0.118783536,0.047927401,0,0,0,1.428571429,0,0,0
993,102,drugs_alcohol,493,cvd_ihd,526834,9023,0,continuous,gday,-0.175544573,0.056448375,0,0,1.428571429,5.714285714,0,0,0
994,102,drugs_alcohol,493,cvd_ihd,526834,9023,0,continuous,gday,-0.123298216,0.066803026,0,0,7.142857143,10.71428571,0,0,0
995,102,drugs_alcohol,493,cvd_ihd,298326,9023,0,continuous,gday,-0.301105093,0.398274441,0,0,2,2,1,0,0
996,102,drugs_alcohol,493,cvd_ihd,298326,9023,0,continuous,gday,-0.478035801,0.292125588,0,0,2,12,1,0,0
997,102,drugs_alcohol,493,cvd_ihd,298326,9023,0,continuous,gday,-0.415515444,0.287444685,0,0,14,14,1,0,0
998,102,drugs_alcohol,493,cvd_ihd,309624,9023,0,continuous,gday,-0.15082289,0.155728435,0,0,0.466666667,1.4,1,0,0
999,102,drugs_alcohol,493,cvd_ihd,309624,9023,0,continuous,gday,-0.446287103,0.162879788,0,0,2,2,1,0,0
1000,102,drugs_alcohol,493,cvd_ihd,309624,9023,0,continuous,gday,-0.385662481,0.147712723,0,0,4,8,1,0,0
1001,102,drugs_alcohol,493,cvd_ihd,309624,9023,0,continuous,gday,-0.494296322,0.188690611,0,0,10,12,1,0,0
1002,102,drugs_alcohol,493,cvd_ihd,309624,9023,0,continuous,gday,-0.634878272,0.132789397,0,0,14,14,1,0,0
1003,102,drugs_alcohol,493,cvd_ihd,309624,9023,0,continuous,gday,-0.510825624,0.255471566,0,0,28,42,1,0,0
1004,102,drugs_alcohol,493,cvd_ihd,526680,9023,0,continuous,gday,0.048790164,0.10443342,1.8,2,2,8,0,0,0
1005,102,drugs_alcohol,493,cvd_ihd,526680,9023,0,continuous,gday,-0.248461359,0.106078545,2,2,10,14,0,0,0
1006,102,drugs_alcohol,493,cvd_ihd,526680,9023,0,continuous,gday,-0.562118918,0.254726742,2,2,16,24,0,0,0
1007,102,drugs_alcohol,493,cvd_ihd,526692,9023,0,continuous,gday,-0.248461359,0.202471533,0,0,0,7,1,0,0
1008,102,drugs_alcohol,493,cvd_ihd,526692,9023,0,continuous,gday,-0.478035801,0.24683266,0,0,7,28,1,0,0
1009,102,drugs_alcohol,493,cvd_ihd,526692,9023,0,continuous,gday,-0.733969175,0.337861979,0,0,28,42,1,0,0
1010,102,drugs_alcohol,493,cvd_ihd,526737,9023,0,continuous,gday,-0.116533816,0.119898885,0,2,2,8,0,0,0
1011,102,drugs_alcohol,493,cvd_ihd,526737,9023,0,continuous,gday,-0.328504067,0.119338836,0,2,10,14,0,0,0
1012,102,drugs_alcohol,493,cvd_ihd,526737,9023,0,continuous,gday,-0.967584026,0.326768838,0,2,16,24,0,0,0
1013,102,drugs_alcohol,493,cvd_ihd,526743,9023,0,continuous,gday,-0.400477567,0.243285271,0,0,0.466666667,1,1,0,0
1014,102,drugs_alcohol,493,cvd_ihd,526743,9023,0,continuous,gday,-0.597837001,0.189908284,0,0,1,2,1,0,0
1015,102,drugs_alcohol,493,cvd_ihd,526743,9023,0,continuous,gday,-0.755022584,0.196012909,0,0,1,14,1,0,0
1016,102,drugs_alcohol,493,cvd_ihd,324096,9023,0,continuous,gday,-0.116533816,0.118547944,0,0,0,2,1,0,0
1017,102,drugs_alcohol,493,cvd_ihd,324096,9023,0,continuous,gday,-0.072570693,0.13174582,0,0,2,12,1,0,0
1018,102,drugs_alcohol,493,cvd_ihd,324096,9023,0,continuous,gday,-0.274436846,0.183942849,0,0,14,26,1,0,0
1019,102,drugs_alcohol,493,cvd_ihd,324096,9023,0,continuous,gday,-0.616186139,0.203700943,0,0,28,42,1,0,0
1020,102,drugs_alcohol,493,cvd_ihd,526747,9023,0,continuous,gday,-0.15082289,0.120367392,0,0,2,4,1,0,0
1021,102,drugs_alcohol,493,cvd_ihd,526747,9023,0,continuous,gday,-0.274436846,0.122542453,0,0,6,14,1,0,0
1022,102,drugs_alcohol,493,cvd_ihd,526747,9023,0,continuous,gday,-0.371063681,0.121664304,0,0,16,50,1,0,0
1023,102,drugs_alcohol,493,cvd_ihd,309666,9023,0,continuous,gday,-0.478035801,0.17682326,0,2,2,12,1,0,1
1024,102,drugs_alcohol,493,cvd_ihd,309666,9023,0,continuous,gday,-0.415515444,0.190615919,0,2,14,21,1,0,1
1025,102,drugs_alcohol,493,cvd_ihd,309727,9023,0,continuous,gday,-0.274436846,0.28612291,0,0,2,14,1,0,1
1026,102,drugs_alcohol,493,cvd_ihd,309727,9023,0,continuous,gday,-0.174353387,0.299421663,0,0,16,28,1,0,1
1027,102,drugs_alcohol,493,cvd_ihd,309727,9023,0,continuous,gday,-0.527632742,0.351511763,0,0,30,42,1,0,1
1028,102,drugs_alcohol,493,cvd_ihd,309727,9023,0,continuous,gday,-0.46203546,0.35772824,0,0,44,66,1,0,1
1029,102,drugs_alcohol,493,cvd_ihd,526816,9023,0,continuous,gday,0.09531018,0.112712437,15.4,98,14,14,1,0,0
1030,102,drugs_alcohol,493,cvd_ihd,526816,9023,0,continuous,gday,0.336472237,0.103434977,0.466666667,14,0.466666667,0.466666667,1,0,0
1031,102,drugs_alcohol,493,cvd_ihd,526822,9023,0,continuous,gday,0.039220713,0.128415981,0,0,0.466666667,0.466666667,1,0,0
1032,102,drugs_alcohol,493,cvd_ihd,526822,9023,0,continuous,gday,-0.223143551,0.102123395,0,0,2,2,1,0,0
1033,102,drugs_alcohol,493,cvd_ihd,526822,9023,0,continuous,gday,-0.527632742,0.106953681,0,0,14,14,1,0,0
1034,102,drugs_alcohol,493,cvd_ihd,324097,9023,0,continuous,gday,-0.287682072,0.061520933,0,0,2,6,1,0,0
1035,102,drugs_alcohol,493,cvd_ihd,324097,9023,0,continuous,gday,-0.400477567,0.083264435,0,0,6,28,1,0,0
1036,102,drugs_alcohol,493,cvd_ihd,324097,9023,0,continuous,gday,-0.223143551,0.138542471,0,0,28,42,1,0,0
1037,102,drugs_alcohol,493,cvd_ihd,526846,9023,0,continuous,gday,-0.072570693,0.095585064,0,2,2,8,1,0,0
1038,102,drugs_alcohol,493,cvd_ihd,526846,9023,0,continuous,gday,-0.094310679,0.091993506,0,2,10,14,1,0,0
1039,102,drugs_alcohol,493,cvd_ihd,526846,9023,0,continuous,gday,-0.415515444,0.59739944,0,2,16,24,1,0,0
1040,102,drugs_alcohol,493,cvd_ihd,526852,9023,0,continuous,gday,-0.127833372,0.115302327,0,0,2,2,0,0,0
1041,102,drugs_alcohol,493,cvd_ihd,526852,9023,0,continuous,gday,-0.198450939,0.128713268,0,0,2,12,0,0,0
1042,102,drugs_alcohol,493,cvd_ihd,526852,9023,0,continuous,gday,-0.328504067,0.206869953,0,0,14,26,0,0,0
1043,102,drugs_alcohol,493,cvd_ihd,526852,9023,0,continuous,gday,-0.030459207,0.163738236,0,0,28,42,0,0,0
